id,category,checksum,description,position,title,values
1,,6f7a2787-9cbd-2007-7e58-888ab33067f2,Physical copies only.,0,The game's official soundtrack,
2,,b7e115e9-9e3a-af58-d2f5-dca14d66bc13,Physical copies only.,0,The world map,
3,,5e5b29c4-fb66-de8c-580a-4280f16fa741,,0,Season Pass,
4,,e93e4ccd-ee86-fa18-28c8-2eb1d221ae4b,,0,Deluxe Pack,
5,,f8a9b3aa-6a4a-5eba-0842-937f73e14a92,,0,Full game,
6,,940248ea-774e-5132-79e3-ee8e504d8044,,0,Numbered Bayek & Senu figurine in resin (73cm),
7,,fd7aadb6-4167-1eee-f0ac-67b5f49ef36a,,0,Bayek & Senu figurine (37cm),
8,,e7565ca9-64f9-ead7-d11a-8b7bf8d0b526,,0,Bayek's figurine on the Sekhmet Statue (27cm),
9,,59a59148-6724-ed67-6134-cb0c57c3ab68,,0,4 large lithographs,
10,,c0372d13-6c65-c157-5213-82f5942d6748,,0,Steelbook,
11,,328576f2-2f73-a5c0-1898-d38dd31fb358,,0,Two original art cards,
12,,3f6e0ba8-9f2e-4d0d-f63a-3626d683992b,,0,Bayek’s eagle skull amulet in resin,
13,,1d49c8f2-cbca-5661-f52b-c023f5f77715,,0,Bayek’s eagle skull amulet,
14,,b053205f-df18-4888-5121-8b71aa9d2b97,,0,The game's art book,
15,,79ce0b11-d202-bbca-90c4-34d71d8e038f,,0,Full game,
16,,5967df06-9dc3-ef51-700c-f3b003a04f59,,0,Deluxe Pack,
17,,c27cf85d-4af5-9fc1-6f59-52a9624f9490,,0,Season Pass,
18,,f56321ef-018b-f52f-1171-5ba6adc7ec96,Physical copies only.,0,The world map,
19,,6907b584-53bb-8640-cba7-c849287ba9c2,Physical copies only.,0,The game's official soundtrack,
20,,6f916d7b-df2f-132e-8016-0710c5398b52,,0,Numbered Bayek & Senu figurine in resin (73cm),
21,,40aaa78e-e0e3-e8bf-450c-b9e2822a3aa6,,0,Bayek & Senu figurine (37cm),
22,,9f7f02b7-cc86-27ca-cdbd-42c3e8ba121a,,0,Bayek's figurine on the Sekhmet Statue (27cm),
23,,5edc9fa0-93f9-c5df-5b7d-d416fad3c3ff,,0,4 large lithographs,
24,,184c4eba-0801-c7af-309c-658c8e7d63d7,,0,Steelbook,
25,,a8c319d9-306a-b958-398c-6a8f9ce9dd33,,0,Two original art cards,
26,,21a95443-2c6e-b42e-61b0-0d21d60cb621,,0,Bayek’s eagle skull amulet in resin,
27,,2d8686fc-58f5-4a55-b3cd-922c841e0f8d,,0,Bayek’s eagle skull amulet,
28,,8e5b62a5-fe0a-f32d-37d1-d29817f3d20f,,0,The game's art book,
29,,2e5dfed7-cb03-c836-b327-24460f85f0c7,,0,Full game,
30,,d3cd18d1-9b84-aaa4-14e5-a3bfe81db890,,0,Deluxe Pack,
31,,2684d70d-6275-c100-f62e-fdd093f47788,,0,Season Pass,
32,,f443b779-f440-5480-24a0-3f411ce40344,Physical copies only.,0,The world map,
33,,cd830377-6764-f10d-71b0-b094851d53ce,Physical copies only.,0,The game's official soundtrack,
34,,335a5fc5-673b-a828-9e1c-d50c26f5f03d,,0,Season Pass,
35,,f08b6e6a-33bd-dc01-7e55-7a742a2d292f,,0,Deluxe Pack,
36,,9065dacf-7cbe-02b6-2b4f-082a27c9a63b,,0,Full game,
37,,4c6a87db-4334-588e-37dd-0f9f6a4999ed,,0,Full game,
38,,c0db86c7-22cf-3983-306f-a42dec5d2285,,0,Deluxe Pack,
39,,ed5b5308-c72e-6aac-8c84-076d4e1c1dec,,0,Season Pass,
40,,0e6df2d9-009b-bada-fe44-6d1f2e404bf1,,0,Full game,
41,,d801af6f-3631-4c37-fa57-e01c768ddfb1,,0,Deluxe Pack,
42,,245338ce-b524-6103-1f2b-126cb984895f,,0,Season Pass,
43,,de9362e7-afa4-01c9-2798-a4aa07397bed,,0,Season Pass,
44,,b7d61adc-3cde-6d62-1fbd-b2a3d71fb47b,,0,Deluxe Pack,
45,,6c4817f0-3481-3823-0662-8abbabd0f195,,0,Full game,
46,,c31895b1-2d89-322c-0758-b4ef7ff53444,,0,Season Pass,
47,,4be7efa6-aae8-507e-7e1f-f2c6e8645864,,0,Deluxe Pack,
48,,2f9cc99e-af9c-d886-1337-e8573fddfc72,,0,Full game,
49,,92dc5423-58fa-9cc0-d7c2-6fa66b32476c,,0,Notes,
50,0,eafc09c2-24ca-a10d-6602-78e5945e8ffd,,0,Secrets of the Pyramid Mission,"[515, 516, 517, 518, 519, 520]"
51,0,201cab1f-b06f-a4d2-d543-b2de3979b98d,,1,Ambush at Sea Mission,"[521, 522, 523, 524, 525, 526]"
52,0,4fb26132-182f-b675-6dd2-6e04ef6a414a,,2,Bonus Ability Points (3),"[527, 528, 529, 530, 531, 532]"
56,,67b8347f-e256-034b-987d-dbb9e4dfc78c,,0,Notes,
57,,d84e2155-a57b-9815-5129-8e22c0380c33,"Song of the Caverns is the eleventh mission in Thief Gold and the third and final mission exclusive to that game. Garrett enters a secret cavern in search of the Talisman of Water, but soon learns that it has been discovered and removed by the owner of a local Opera House. ",0,New mission: Song of the Caverns,
58,,58900b79-61a3-8ff0-5849-d0ffbb1c49f1,The Mage Towers is the ninth mission in Thief Gold and the second mission exclusive to the Gold version of the game. Garrett must infiltrate the compound of the Hand Brotherhood and steal the Talisman of Earth.,0,New mission: The Mage Towers,
59,,cac38f83-4699-364b-ca44-7a21fb55a124,"Thieves' Guild is the sixth mission in Thief Gold and the first mission that does not appear in Thief: The Dark Project. Garrett must infiltrate the secret underground hideout of the Downwind Thieves' Guild and steal Lord Randall's sapphire vase, which they stole before Garrett had the chance. ",0,New mission: Thieves' Guild,
60,,654a3184-347d-ace2-9e3b-b9f2f6901abb,"Thieves' Guild is the sixth mission in Thief Gold and the first mission that does not appear in Thief: The Dark Project. Garrett must infiltrate the secret underground hideout of the Downwind Thieves' Guild and steal Lord Randall's sapphire vase, which they stole before Garrett had the chance. ",0,New mission: Thieves' Guild,
61,,6f71a1f9-4008-fc53-bc59-e385c1acbc7f,The Mage Towers is the ninth mission in Thief Gold and the second mission exclusive to the Gold version of the game. Garrett must infiltrate the compound of the Hand Brotherhood and steal the Talisman of Earth.,0,New mission: The Mage Towers,
62,,d7e179cb-18da-c822-3559-da4b5a3b4662,"Song of the Caverns is the eleventh mission in Thief Gold and the third and final mission exclusive to that game. Garrett enters a secret cavern in search of the Talisman of Water, but soon learns that it has been discovered and removed by the owner of a local Opera House. ",0,New mission: Song of the Caverns,
63,,e273c669-4593-76de-3ba1-1969ae032221,,0,Notes: Added content,
64,,0abdaa77-4e71-908e-aa4e-833fde668b8b,,0,Notes: New enemies,
65,,d88cf7a0-be2d-6584-3592-285b6e027f6c,"Thieves' Guild is the sixth mission in Thief Gold and the first mission that does not appear in Thief: The Dark Project. Garrett must infiltrate the secret underground hideout of the Downwind Thieves' Guild and steal Lord Randall's sapphire vase, which they stole before Garrett had the chance. ",0,New mission: Thieves' Guild,
66,,619990a9-1fb6-a2f3-d083-54ca22be31aa,The Mage Towers is the ninth mission in Thief Gold and the second mission exclusive to the Gold version of the game. Garrett must infiltrate the compound of the Hand Brotherhood and steal the Talisman of Earth.,0,New mission: The Mage Towers,
67,,09fbb4d5-5815-9c1d-2e1e-a87ea328c041,"Song of the Caverns is the eleventh mission in Thief Gold and the third and final mission exclusive to that game. Garrett enters a secret cavern in search of the Talisman of Water, but soon learns that it has been discovered and removed by the owner of a local Opera House. ",0,New mission: Song of the Caverns,
68,,729983b8-a78e-f9a8-ce9b-ce20be3bb32c,,0,Added content,
69,,bfbd4173-f211-140c-28de-415a100e6677,,0,New enemies,
70,,56bc6b2a-5471-a588-c1be-aa8c77008f7e,,0,Other notes,
78,,f263760c-91b1-1d06-9da2-4985f2a4ea2a,"Song of the Caverns is the eleventh mission in Thief Gold and the third and final mission exclusive to that game. Garrett enters a secret cavern in search of the Talisman of Water, but soon learns that it has been discovered and removed by the owner of a local Opera House. ",0,Mission: Song of the Caverns,"[379, 380]"
79,,aaf4598b-c505-a13d-54f7-7fb2855cede4,The Mage Towers is the ninth mission in Thief Gold and the second mission exclusive to the Gold version of the game. Garrett must infiltrate the compound of the Hand Brotherhood and steal the Talisman of Earth.,0,Mission: The Mage Towers,"[381, 382]"
80,,e4a9bd65-dd79-b488-040b-cea9dd0fd8c3,"Thieves' Guild is the sixth mission in Thief Gold and the first mission that does not appear in Thief: The Dark Project. Garrett must infiltrate the secret underground hideout of the Downwind Thieves' Guild and steal Lord Randall's sapphire vase, which they stole before Garrett had the chance. ",0,Mission: Thieves' Guild,"[383, 384]"
81,,981051b9-31e2-d9fa-b814-70bec2ebe860,,0,Added content,"[385, 386]"
82,,489176ff-c77a-d275-f973-3b74f5bf13d0,,0,New enemies,"[387, 388]"
83,,6b868d6e-75a2-f12f-d6e8-40d4e7507686,,0,Other notes,"[389, 390]"
86,,b93a2133-313b-e009-bdcd-6fd8dd6e81a4,"Song of the Caverns is the eleventh mission in Thief Gold and the third and final mission exclusive to that game. Garrett enters a secret cavern in search of the Talisman of Water, but soon learns that it has been discovered and removed by the owner of a local Opera House. ",0,Mission: Song of the Caverns,"[395, 396]"
87,,fe9ccb2d-c3e1-1f47-1166-15230cf5c014,The Mage Towers is the ninth mission in Thief Gold and the second mission exclusive to the Gold version of the game. Garrett must infiltrate the compound of the Hand Brotherhood and steal the Talisman of Earth.,0,Mission: The Mage Towers,"[397, 398]"
88,,bc11dba9-4342-2e0e-9ced-ed12f5755c83,"Thieves' Guild is the sixth mission in Thief Gold and the first mission that does not appear in Thief: The Dark Project. Garrett must infiltrate the secret underground hideout of the Downwind Thieves' Guild and steal Lord Randall's sapphire vase, which they stole before Garrett had the chance. ",0,Mission: Thieves' Guild,"[399, 400]"
89,,65efd82f-9625-5fa3-c536-644d2402bda2,,0,Added content,"[401, 402]"
90,,8e495a8b-73ae-1a19-f2ba-ecab2765b9f3,,0,New enemies,"[403, 404]"
91,,72f9936e-8d5b-b535-48df-8abb2e22bbf4,,0,Other notes,"[405, 406]"
92,,4a83734b-5cf4-80e0-d821-5da4484dab0e," Journey off the coast of Morrowind, to the vast island of Solstheim. Traverse the ash wastes and glacial valleys of this new land as you become more powerful with shouts that bend the will of your enemies and even tame dragons.",0,Dragonborn,"[407, 408, 409]"
93,,c937a983-d53d-e736-00ac-3dc35c3b4afe,"Purchase land and build your own home from the ground up - from a simple one-room cottage to a sprawling compound complete with an armory, alchemy laboratory, and more. ",0,Hearthfire,"[410, 411, 412]"
94,,5c6f7a81-14bc-c474-0411-41251ee2f40c,"The Vampire Lord Harkon has returned to power. By using the Elder Scrolls, he seeks to do the unthinkable - to end the sun itself. Will you join the ancient order of the Dawnguard and stop him? Or will you become a Vampire Lord? ",0,Dawnguard,"[413, 414, 415]"
95,,09488339-3b1e-84de-4e7e-ba21d6581d7d,"-4K support
-God rays
-Volumetric light",0,Upgraded Graphics,"[416, 417, 418]"
98,1,42135d98-46d9-0f39-6b4d-89e651a77caf,,3,Notes,"[423, 424, 425, 426, 427, 428]"
99,,55bcbb51-17d6-dc78-0489-54d37a192db6,A unique skin for the Nomad vehicle as you explore new worlds.,0,Pre-order bonus: Nomad Skin,
100,,4a06bf8a-034a-e39b-78d7-13ffac118abc,Jumpstart your multiplayer co-op play with a booster pack. Includes 5x of 50% XP Boosters.,0,Pre-order bonus: Multiplayer Booster Pack,
101,,da7c9145-ef56-72be-d31c-f3b084b5d9c2,A unique armor set to help you explore the farthest reaches of the Andromeda Galaxy.,0,Pre-order bonus: Deep Space Explorer Armor,
102,,76bd61ed-3266-1ef5-51e3-17551744a5a5,"Stand out from the crowd, even when you're planetside on a deadly new world.",0,Scavenger Armor,"[438, 439, 440]"
103,,9431894b-5cdc-aa95-21e3-547412de8bd7,"Nobody wants to wear their uniform 24/7. Wheter you're relaxing aboard the Tempest or exploring a friendly space dock, this casual outfit will help you look your best.",0,Pathfinder Casual Outfit,"[441, 442, 443]"
121,,297da83a-b996-6a49-9a78-749a81822222,Runs at 1080p,0,1080p,"[487, 488]"
122,,df6842d9-08b2-3d53-3be5-9c42206bd404,"New fog, mist and smog effects, completely redone lighting giving the game a higher contrast look. 

Improved animations for objects on bodies, additional frames of animation, hand-modeled upgrades to characters. Extra neon signs throughout Hong Kong and animated lighting for those signs.

Audio improvements.",0,Graphical & Audio improvements,"[489, 490]"
123,,f64cc9f0-504a-8ed0-f3ff-9b947d237587,Amount of pedestrians increased.,0,Increased population density,"[491, 492]"
124,,ee50db60-2cf5-a5c2-00cf-ab134639f43f,tweaked vehicle handling for better control.,0,Improved vehicle handling,"[493, 494]"
125,,bfedd972-0255-a673-17da-66ab5bb415cc,Increased timing window for counter-attacks.,0,Increased time for counter-attacks,"[495, 496]"
126,,8e131265-dbee-d65c-61cc-1c82fa7f801e,All 24 previously available DLC extensions included,0,24 Downloadable Content included,"[497, 498]"
127,,24d4ca1c-2a74-bb79-6ccc-8bdc7a4be5d7,Year of the Snake and Nightmare in North Point included.,0,Story-extending DLC,"[499, 500]"
128,,c83f9e79-9222-ad05-0020-67de06e17b56,Year of the Snake and Nightmare in North Point included.,0,Story-extending DLC,"[501, 502]"
129,,4c4de9ca-138a-0933-77e7-75daf520e3c2,All 24 previously available DLC extensions included,0,24 Downloadable Content included,"[503, 504]"
130,,ee985caa-ac1c-781d-0cf0-ab93399bc865,Increased timing window for counter-attacks.,0,Increased time for counter-attacks,"[505, 506]"
131,,8a73ed6c-eb2b-2530-5d17-22fdde3b2baa,tweaked vehicle handling for better control.,0,Improved vehicle handling,"[507, 508]"
132,,0f62cd02-7cec-cdbe-cfda-6c32f6c414fb,Amount of pedestrians increased.,0,Increased population density,"[509, 510]"
133,,25c9e83e-b9ba-9602-b711-890b540ee048,"New fog, mist and smog effects, completely redone lighting giving the game a higher contrast look. 

Improved animations for objects on bodies, additional frames of animation, hand-modeled upgrades to characters. Extra neon signs throughout Hong Kong and animated lighting for those signs.

Audio improvements.",0,Graphical & Audio improvements,"[511, 512]"
134,,3aca75c1-a43c-0635-a705-960688e0768a,Runs at 1080p,0,1080p,"[513, 514]"
135,0,4b31a9c1-47a4-ebc0-ec00-4ec860554a5d,,4,Desert Cobra Pack,"[533, 534, 535, 536, 537, 538]"
136,0,ae3eabe5-2b59-d83e-b100-c98c9d8899df,,5,Season Pass,"[539, 540, 541, 542, 543, 544]"
137,0,c32cecf6-0be1-a30d-179c-2301ae640102,,6,Steelbook (Game),"[545, 546, 547, 548, 549, 550]"
138,0,16972af1-8eb2-8fd9-362a-ce5277607196,Physical copies only.,7,The world map,"[551, 552, 553, 554, 555, 556]"
139,0,2683a165-d5ad-4d25-be04-791703f82fc2,Physical copies only.,8,Official soundtrack ,"[557, 558, 559, 560, 561, 562]"
140,0,101a667e-fbff-7ace-1ed1-d86677782ab2,,9,Art Book,"[563, 564, 565, 566, 567, 568]"
141,0,d143afeb-0c6f-6a19-cf52-b1fbde95a87a,,10,Collectible Box,"[569, 570, 571, 572, 573, 574]"
142,0,5d36ce5b-dbd2-4b0a-7dd4-9546dd800d17,,11,Art Cards,"[575, 576, 577, 578, 579, 580]"
143,0,96521615-3237-2b86-842e-e401766a3d83,,12,Bayek Figurine (27cm),"[581, 582, 583, 584, 585, 586]"
144,0,40ffbec9-2ddc-0d5c-73dd-bbddef6b1fc4,,15,Bayek’s Eagle Skull Amulet,"[587, 588, 589, 590, 591, 592]"
146,0,c93c983e-912a-3b1d-90a5-9b3f492075ca,,18,4 large lithographs,"[599, 600, 601, 602, 603, 604]"
147,0,881e29d8-a8c3-7875-a1ad-906b07d2c15b,,19,Certificate,"[605, 606, 607, 608, 609, 610]"
154,0,bc68e919-610c-fe54-fc23-216a3b2acc14,,0,Wearable Pip-Boy,"[629, 630, 631, 767]"
155,0,c41b69e2-0e03-a257-b578-9a9617e59512,"Featuring handy illustrations and chock full of Vault-Tec approved tips, this manual is the ultimate how-to pocket guide for using and maintaining your new Pip-Boy.",1,Pip-Boy Pocket Guide,"[632, 633, 634, 768]"
156,0,9c1018e3-0696-3680-0471-ddee273c672c,"Keep track of your perks with your very own physical Vault-Tec perk poster, fully colorized retro fun for the quintessential Wasteland survivor.",2,Vault-Tec Perk Poster,"[635, 636, 637, 769]"
157,0,bcdb70aa-d3ca-07d0-174e-af12bdab866d,,3,Robco Industries Stand,"[638, 639, 640, 770]"
158,0,ef52c4c5-7452-115f-a5be-8fb1865cf9b6,,4,Capsule Case,"[641, 642, 643, 771]"
159,0,8a3322f2-fd57-6d59-e167-02d4a45bfec9,"Exclusive to the Pip-Boy Edition, this decorated metal case is the ultimate fan collectible.",5,Metal CD Case,"[644, 645, 646, 772]"
160,0,05a2b480-d92d-13db-d213-b9c688ff5007,Each of the seven poker chips was designed to represent chips from the major casinos found on the New Vegas strip and throughout the Mojave Wasteland. ,0,"""Lucky 7"" poker chips","[647, 648, 649]"
161,0,46b7293e-b742-0667-a836-a9d2328f6a45,Each card in the pack has been uniquely illustrated to depict characters and factions found within the game. ,3,Fallout: New Vegas deck of cards,"[650, 651, 652]"
162,0,4a24d7a1-19f0-fb6c-992f-54eccd74a950,,6,"""Lucky 38"" platinum chip.","[653, 654, 655]"
163,0,494ac3b8-1bab-0f5e-23df-8fc680173cd1,"A book that tells the story of some of the characters and events that lead up to Fallout: New Vegas. ""All Roads"" was written by Chris Avellone and created in conjunction with Dark Horse Comics. ",9,Hardcover graphic novel: All Roads,"[656, 657, 658]"
164,0,dbb11764-a0e1-29a5-5283-d682f043b1f3,"This documentary DVD will contain exclusive video content, including interviews with the developers in which they take you from concept to creation.",12,Making of Fallout: New Vegas' DVD,"[659, 660, 661]"
174,0,d2d0f2e9-4749-9e3f-5ad6-68ab70a91d79,,23,DLC: Courier's Stash,"[689, 690, 691]"
175,0,966223f8-1780-6266-1ec6-5491dcebf853,,25,DLC: Gun Runners Arsenal,"[692, 693, 694]"
181,0,ce04833a-e153-fee6-c823-3c4ee1932186,"Lured into a trap masquerading as the Sierra Madre Casino, you are thrown into a high stakes game where you'll have to work with three other lost souls if you want to survive. ",16,DLC: Dead Money,"[710, 711, 712]"
182,0,1ebbb33f-3f38-1810-f107-b6db99692758,An expedition into Utah's Zion National Park goes horribly wrong and you become embroiled in a war between tribes and put into a conflict between a New Canaanite missionary and the mysterious Burning Man.,18,DLC: Honest Hearts,"[713, 714, 715]"
183,0,523f352c-106d-47b6-6365-ed0696c317d1,"Transported to the Big MT research crater, you are enlisted by the Think Tank to save them from their own science experiments that have gone horribly out of control. ",20,DLC: Old World Blues,"[716, 717, 718]"
184,0,8460687e-b163-76ed-4cf1-986cbd2f3368,"Ulysses, the original Courier Six, contacts you and promises to answer why he refused to deliver the Platinum Chip at the start of Fallout: New Vegas, but only if you make one last journey into the treacherous canyons of the Divide. ",22,DLC: Lonesome Road,"[719, 720, 721]"
191,0,970cce58-9725-c490-9cd4-aa96c76f2657,Enjoy your very own Vault Boy with this collector’s item direct from Vault-Tec.,2,Vault Boy Bobblehead,"[740, 741, 742, 1103]"
192,0,6b37c893-bad9-0a47-9fdd-5268803fb2d8,This hardcover book features nearly 100 pages of never-before seen concept art and commentary from Bethesda Game Studios artists.,3,Art book of Fallout 3,"[743, 744, 745, 1105]"
193,0,263b1b16-edbf-3060-9beb-82d988931b58,"Get an exclusive, inside look at Bethesda Game Studios and the team behind the game with this special DVD.",4,Making of Fallout 3 DVD,"[746, 747, 748, 1107]"
194,0,a2fbdfbb-0290-6ede-4442-17e7534d053b,The entire package comes in a fully customized metal lunch box.,5,Vault-Tec Lunch Box,"[749, 750, 751, 1109]"
195,0,b9a800c0-9a13-d72d-deef-811a7867e10d,"Enter a military simulation and fight in the liberation of Anchorage, Alaska from its Chinese Communist invaders.",6,DLC: Operation Anchorage,"[752, 753, 754, 1110]"
196,0,6b17cfe1-963e-4b6f-3257-2d412da20709,Travel to the post-apocalyptic remains of Pittsburgh and become embroiled in a conflict between slaves and their Raider masters.,7,DLC: The Pitt,"[755, 756, 757, 1111]"
197,0,17400efa-f466-2d23-3355-e5c47b83c88f,"Increase your level cap to 30, and finish the fight against the Enclave remnants alongside Liberty Prime.",8,DLC: Broken Steel,"[758, 759, 760, 1112]"
198,0,f283be05-eabe-7499-fad9-cffceb1bf238,"Embark on a mysterious and open-ended adventure in a huge, murky swampland along the coast of Maryland.",9,DLC: Point Lookout,"[761, 762, 763, 1113]"
199,0,77e4257e-224c-3d97-c2e0-cc737f95e02c,"Defy hostile alien abductors and fight your way off of the alien mothership, orbiting miles above the Capital Wasteland.",10,DLC: Mothership Zeta,"[764, 765, 766, 1114]"
200,0,0ba99e86-9d6b-1e48-cdb9-9976a04cb7a6,,1,Limited edition Steelbook,"[773, 905, 906]"
201,0,cd50f835-db86-a680-8831-c52d99e7f520,,8,Ingame: Trooper Class Bonus: Officer Upgrade Pack,"[774, 775]"
202,0,248f0843-79f2-d00e-7a9a-eacc95213154,,7,Ingame: Trooper Class Bonus: Heavy Upgrade Pack,"[776, 777]"
203,0,90e3dfb7-e705-dc5b-f283-fe8d7794cf30,,9,Ingame: Trooper Class Bonus: Assault Upgrade Pack,"[778, 779]"
204,0,4ddd2981-a888-a232-a422-bbbd9b3ee82e,,10,Ingame: Trooper Class Bonus: Specialist Upgrade Pack,"[780, 781]"
205,0,2e259d39-5e6a-dde0-9425-00a625477562,,1,Ingame: First Order Ship Epic Ability Modifier,"[782, 783]"
206,0,123ef35d-7adc-b5de-59ed-47f1f38a85d6,,2,Ingame: Millennium Falcon Epic Ability Modifier,"[784, 785]"
207,0,1d881fa9-6d43-591f-42bc-ce1ac8c65b32,,3,Ingame: 2 Epic Ability Modifiers for Rey,"[786, 787]"
208,0,3a536d69-9870-0b12-5b66-4108b155efdf,,4,Ingame: Epic Ability Modifiers for Kylo Ren,"[788, 789]"
210,0,3a39f462-3440-45d3-9546-71487185c263,,6,Ingame: Exclusive The Last Jedi Theme Look for Kylo Ren,"[792, 793]"
211,0,ecc26456-acb3-3b55-f85c-06e3e95d4356,,0,Ingame: Yoda’s epic Lightsaber Mastery,"[794, 795]"
213,0,1d3575e7-88d6-5b1d-b31a-89e739804cd1,,4,Serpent God ‘Lizard Skin’ Tome Packaging with Integrated Art Book,"[798, 799, 800]"
214,0,fa475e34-8f2a-fd90-9221-7a5a4be4fe5d,"Protect your game disc from the reacherous perils of the New World with this limited embossed metal pack, featuring artwork of the four in-game Races.",1,Embossed Metal Case,"[801, 802, 803]"
215,0,b3ef6031-16ec-68ae-1072-e9a406933324,This exclusive printed strategy guide offers invaluable knowledge and insider tips on how to best conquer the New World.,2,Exclusive Strategy Guide,"[804, 805, 806]"
216,0,9b3139a5-bfb1-4e1e-15e3-42b5566063de,Plesge your allegiance to the Race of Total War II: with these exclusive emblem stickers. ,3,Sticker Sheet,"[807, 808, 809]"
217,0,dfa87160-1083-5d91-5d9e-8d986dd58b8b,,5,Canvas Map with Exclusive Lizardmen Artwork,"[810, 811, 812]"
218,0,475a46c6-ebfd-8d3c-050c-6f0bb801ccf9,,6,Stone Effect ‘Puzzle Sphere’,"[813, 814, 815]"
219,0,d5a42377-cf8b-2c36-fb83-dbaca5a2d432,,7,Carved Bone Effect ‘Teeth’ Totems,"[816, 817, 818]"
220,0,6a6d9dac-7397-1f71-7304-41624713dfe7,,8,'Saurus Blade' USB with Black Library E-Books,"[819, 820, 821]"
221,1,6d1ceed2-a9d4-7031-8281-1db7f4f288b3,,0,,"[822, 823, 824]"
222,0,1ff8d268-8244-7ff4-9db9-aa0ba2df882a,Armour set with great statistics.,0,DLC: Shadowhand Set,"[825, 826]"
223,0,0ad33be0-12ce-d80a-d289-9fcf83e57d59,"containing each and every work from the development process – sketches and fully-fledged art works, presenting the concept for the rich environment of Peh Island – locations, monsters and characters.",1,Digital Artbook,"[827, 828]"
224,0,4365d16e-d29d-a70a-1447-96fd5d83ab31,"captivating music by The Witcher 3: Wild Hunt composer, Marcin Przybyłowicz.",2,Digital Soundtrack,"[829, 830]"
225,0,06b1a734-599b-9864-4d26-5ef963d02237,"Illustrating the fascinating island of Peh, filled with mysterious technology and Dark Age folklore.",3,Digital Map,"[831, 832]"
226,0,10ca1c2b-b790-be84-2e1c-da02be9c6bce,"Featuring a handy introduction to the world of Seven: The Days Long Gone and game mechanics; it may be useful for some, if some missions prove too big of a challenge.",4,Digital Guidebook,"[833, 834]"
227,0,b1d5533f-b6a1-761b-3b36-5fb03744a998,,1,Season pass,"[835, 836, 837, 838, 839, 840, 898]"
228,0,ec46219f-571e-e5e6-d20d-5bff0dddc1c4,Includes three extra missions and “The Impaler” unlockable weapon.,0,Hurk’s Redemption bonus content,"[841, 842, 843, 844, 845, 846, 895]"
229,0,324a3169-2f68-bc11-b31d-525ddbc15d91,,5,Unique collector’s box,"[847, 848, 849, 850, 851, 852, 900]"
230,0,e6aae530-bdfe-ce6a-5649-b8a90cb92be6,20 cm statue of Pagan Min.,6,Pagan Min figurine,"[853, 854, 855, 856, 857, 858, 901]"
231,0,8f320ad3-a669-1121-8b90-5918a2dc5ad4,,2,Map of Kyrat,"[859, 860, 861, 862, 863, 864, 896]"
232,0,e5be0b52-128a-3098-e47b-a92563fb680b,,7,Travel journal,"[865, 866, 867, 868, 869, 870, 902]"
233,0,0c1cf0ef-03e9-0143-6146-584c4d9e3c3c,,3,Propaganda poster,"[871, 872, 873, 874, 875, 876, 897]"
234,0,0d42c64a-6303-619f-2e42-02f64472d463,,8,Exclusive Future Pack Metal Box,"[877, 878, 879, 880, 881, 882, 903]"
235,1,30ff0c1c-61e9-21a2-9acf-6ede43534fab,,4,,"[883, 884, 885, 886, 887, 888, 899]"
236,0,1f41b93a-c807-342b-4d51-0afec8251696,,9,Far Cry 4 Steelbook,"[889, 890, 891, 892, 893, 894, 904]"
237,0,754ed937-3a54-9dd9-ddba-2eadf599e190,"1/6 scale 12-inch action figure of the game's Nazi-killin' hero William Joseph ""BJ"" Blazkowicz. BJ comes fully equipped to rally the resistance and free America, with an arsenal of accessories including four high-powered guns, a hatchet, and his bomber jacket.",2,"William Joseph ""BJ"" Blazkowicz action figure","[907, 908, 909]"
238,0,ffeaf17e-ec31-8dac-8592-73d1f69f19b8,,3,"9""x14"" Blitzmensch poster","[910, 911, 912]"
239,0,733c3aa0-a542-a2b9-231c-b8fc7970368c,"Episode Zero introduces you to larger-than-life American heroes Joseph Stallion, Jessica Valiant, and Gerald Wilkins as they fight for liberty, and against Nazi tyranny, in the American Territories! Harness their unique abilities and equip their arsenal of guns as you blast your way through Nazis in this opening DLC mission.",4,DLC: The Freedom Chronicles Episode Zero!,"[913, 914, 915]"
240,0,31fcd41d-ca3d-2be3-0e48-2d8505584921,,0,Season Pass,"[916, 917, 918]"
242,0,8bbb932e-1e06-d738-ba52-e220b05f7010,,16,Bayek’s Eagle Skull Amulet in resin,"[922, 923, 924, 925, 926, 927]"
243,0,1273b3fe-d0ab-5af6-f784-d528f6eae693,,13,Bayek & Senu Figurine (37cm),"[928, 929, 930, 931, 932, 933]"
244,0,2a57c83d-186c-ef35-601a-f9bb3b1672d8,,14,Numbered Bayek & Senu Figurine in resin (73cm),"[934, 935, 936, 937, 938, 939]"
245,0,5f24e65c-a703-6e94-1841-1526a6dba6d8,,0,Season pass,"[940, 941, 942, 943, 944, 945, 946]"
246,0,1db0c98d-51c8-0c29-1fcc-b51c38a141d1,,3,Steelbook,"[947, 948, 949, 950, 951, 952, 953]"
247,0,c3f6bc23-7106-ec80-e64b-697070208199,Controlled with free smartphone app (iOS and Android) via Bluetooth. Moves in eight directions. Library of 12 pre-recorded lines voiced by The Coon ,6,Remote Control Coon Mobile,"[954, 955, 956, 957, 958, 959, 960]"
248,0,509b9fb3-e87a-bacb-8b69-ce35bda1e0a3,The full game (the prequel),4,South Park: The Stick of Truth ,"[961, 962, 963, 964, 965, 966, 967]"
249,0,709b395c-a6c0-680a-5893-f0c712866823,The streets of South Park aren’t as safe as they used to be and even the most seasoned South Park veteran will need help. “Towelie: Your Gaming Bud” provides unique assistance to players at key locations throughout the game.,7,Towelie: Your Gaming Bud,"[968, 969, 970, 971, 972, 973, 974]"
250,0,05f35840-27a8-7fa8-d591-e0d17a107d04,A set of physical lithographic prints with art from South Park Digital Studios ,2,Lithographic prints,"[975, 976, 977, 978, 979, 980, 981]"
251,0,3cc82df4-e76f-61e9-dd78-7f42e6db522e,,5,A six-inch replica figurine of “The Coon”,"[982, 983, 984, 985, 986, 987, 988]"
252,1,e7caa4f0-177a-fa9d-c4a0-724c8b02c215,,1,Additional information,"[989, 990, 991, 992, 993, 994, 995]"
253,0,0deca231-96ef-0db5-7e3b-c64ec301b88a,,0,Ingame: Slaughter Tribe Nemesis Expansion,"[996, 997, 998, 1017, 2104]"
254,0,e0c212ce-8502-3063-b60c-bf7c9830d4b6,,2,Ingame: Outlaw Tribe Nemesis Expansion,"[999, 1000, 1001, 1018, 2106]"
255,0,d6d2fcb2-f083-f1b9-4389-e85bd839a8f8,Contains the Story Expansion: The Blade of Galadriel,3,Ingame: The Blade of Galadriel,"[1002, 1003, 1004, 1019, 2107]"
256,0,1d8c3a3a-72e7-c5b5-ac2a-cf92040953bc,Contains the Story Expansion: The Desolation of Mordor,4,Ingame: The Desolation of Mordor,"[1005, 1006, 1007, 1020, 2108]"
257,0,3cfdcfb5-fe2b-477f-3414-da2b4062c346,,6,Ingame: Gold War Chest,"[1008, 1009, 1010, 1021, 2110]"
258,0,addfc460-1a11-a1f1-6221-ce318aadc1fc,,7,Ingame: Silver War Chest,"[1011, 1012, 1013, 1022, 2111]"
259,0,fddfcf7f-30cc-28be-6ba1-32aafe5ba15f,"If bought before the 10th of October 2017.
Contains the Legendary Champions War Party and the Exclusive Epic Sword of Dominion.",8,Legendary Champions War Party,"[1014, 1015, 1016, 1023, 2112]"
260,0,1019b513-9f1e-f448-2a76-da99bf5bfde7,,9,Steelcase,"[1024, 1025, 1026, 1027, 2113]"
261,0,5328cd5f-0aa8-dcce-18eb-ab4259c86d9e,,10,Premium Case with Magnetic Ring of Power,"[1028, 1029, 1030, 1031, 2114]"
262,0,fedd6893-8be5-0f3a-d85d-c89e8a5dc5c0,,5,Ingame: Mithril War Chest,"[1032, 1033, 1034, 1035, 2109]"
263,0,8eb5049a-53d4-8ff8-7bd7-126412e70786,,11,Official Game Music Soundtrack,"[1036, 1037, 1038, 1039, 2115]"
264,0,8fe06ff5-b4e5-8a43-289e-9c1e2926bd7b,,12,"Limited Edition 12"" Tar-Goroth Balrog vs. Carnan Drake Statue","[1040, 1041, 1042, 1043, 2116]"
265,0,c3819d5c-6426-d537-0434-beb1dd39ccaf,,13,Cloth Map of Mordor,"[1044, 1045, 1046, 1047, 2117]"
266,0,3180ce03-1251-0267-4449-459f2ded1125,,14,Collection of Exclusive Lithographs,"[1048, 1049, 1050, 1051, 2118]"
267,0,75396013-ee5e-f842-11a5-09a5327b0eff,,15,Tribe Sticker Pack,"[1052, 1053, 1054, 1055, 2119]"
268,0,5081624e-96a7-f50b-43b8-6785da3d71c5,,16,Collector's Box,"[1056, 1057, 1058, 1059, 2120]"
269,1,ceb24508-01a5-3f89-bfed-06da1dac9fee,,1,Notes,"[1060, 1061, 1062, 1063, 2105]"
270,0,6185a868-543f-ac1e-519f-3f0dcb43401f,,6,DLC: Automatron,"[1064, 1065, 1066, 1067]"
271,0,c56c80ea-a537-9c81-dc3b-1aac08bc4ed7,,7,DLC: Wasteland Workshop,"[1068, 1069, 1070, 1071]"
272,0,4dcc8645-3bc2-453f-1b83-4f681e9fb656,,8,DLC: Far Harbor,"[1072, 1073, 1074, 1075]"
273,0,90d157ce-e8e6-1c57-fc6b-69b59142a5aa,,9,DLC: Contraptions Workshop,"[1076, 1077, 1078, 1079]"
274,0,c29027a3-fa9e-1209-c083-f321f9aac894,,10,DLC: Vault-Tec Workshop,"[1080, 1081, 1082, 1083]"
275,0,3bfbac44-54b5-c8a6-b027-6857fae0627a,,11,DLC: Nuka-World,"[1084, 1085, 1086, 1087]"
276,0,d621e004-fd51-8c8c-fd65-59a3d044acdf,"Get access to both Expansion I and Expansion II, offering brand new story missions, cooperative activities, competitive multiplayer, and a wealth of new weapons, armor, and gear. ",0,Expansion pass,"[1088, 1089]"
277,0,88210810-6488-0a37-fe61-aa2238742278,"Includes a Legendary sword, Legendary Player Emote, and a Cabal Empire Themed Emblem ",1,Premium Digital Content,"[1090, 1091]"
278,0,89d6c1ae-a417-c210-69e0-685df4a5faf6,"Thieves' Guild is the sixth mission in Thief Gold and the first mission that does not appear in Thief: The Dark Project. Garrett must infiltrate the secret underground hideout of the Downwind Thieves' Guild and steal Lord Randall's sapphire vase, which they stole before Garrett had the chance. ",0,Mission: Thieves' Guild,"[1092, 1093]"
279,0,d86d8210-85a1-2b6c-59c1-e8d0f7167734,The Mage Towers is the ninth mission in Thief Gold and the second mission exclusive to the Gold version of the game. Garrett must infiltrate the compound of the Hand Brotherhood and steal the Talisman of Earth.,1,Mission: The Mage Towers,"[1094, 1095]"
280,0,661ea6e2-5b18-6457-555a-3eac5a6d3fa1,"Song of the Caverns is the eleventh mission in Thief Gold and the third and final mission exclusive to that game. Garrett enters a secret cavern in search of the Talisman of Water, but soon learns that it has been discovered and removed by the owner of a local Opera House. ",2,Mission: Song of the Caverns,"[1096, 1097]"
281,0,8de8c25f-3f99-7367-8a4f-a7b640e5547b,"Fire Shadows classify as undead, and appear to be a bearded man engulfed in flames.",3,Additional enemies,"[1098, 1099]"
282,1,a5f94a2b-7a1f-b27d-8644-9972f9539f61,,0,Additional changes,"[1100, 1101]"
283,1,66b78cd8-8853-8433-b552-957e89fe46ad,,0,Notes,"[1115, 1116, 1117, 1118]"
285,0,3eef68ed-3c13-4086-ecf3-c5fb5319eb7c,The Pip-Boy 3000 has been painstakingly recreated and modified for real world display as a digital clock.,1,Pip-Boy 3000 replica,"[1123, 1124, 1125, 1126]"
286,0,b1cf7140-9440-c731-75f6-be399e8e4ae9,,1,Prima Starter Guide,"[1127, 1128, 1129, 1130, 1176, 1191]"
290,0,9c18d681-95fd-2c37-0376-5882d0501ce0,,0,Official Soundtrack ,"[1143, 1144, 1145, 1146, 1177, 1192]"
291,0,94b0bbd9-c9dc-fb2b-1038-8c6239caebac,,4,Official Hardcover Art Book,"[1147, 1148, 1149, 1150, 1178, 1193]"
292,0,cbce23c4-66ec-1085-bc60-0bd02656998c,,5,Cloth Game Map,"[1151, 1152, 1153, 1154, 1179, 1194]"
293,0,dd26bcbd-0ebc-0d90-da84-9b0d360a59a8,,3,25 cm Red Knight Figurine,"[1155, 1156, 1157, 1158, 1175, 1190]"
294,0,4086ac9b-8803-6ca4-1a09-61032d837191,,6,Collector's Box,"[1159, 1160, 1161, 1162, 1180, 1195]"
295,0,3ac531b5-ae8b-2bb7-3a6b-0459b72bfa62,,7,DLC: Ashes of Ariandel,"[1163, 1164, 1165, 1166, 1181, 1196]"
296,0,3caab60e-bad0-2e07-f405-00d747987d17,,8,DLC: The Ringed City,"[1167, 1168, 1169, 1170, 1182, 1197]"
297,0,c4005d5a-4734-3d49-99e3-42a870859d8c,,9,Metal Case,"[1171, 1172, 1173, 1174, 1183, 1198]"
298,0,81d197ca-c9dd-ba6a-155a-8462fe3a53fd,,2,Season Pass,"[1184, 1185, 1186, 1187, 1188, 1189]"
299,0,77811e38-67b2-c081-7ede-eb36aa0bce57,,10,Exclusive O-Sleeve packaging,"[1199, 1200, 1201, 1202, 1203, 1204]"
300,0,17d2991f-ddf2-41c7-06b7-b53b0bd44778,"30,5 cm (12"") tall statue of the Revenant on LED-lit base. ",0,Revenant figurine,"[1205, 1206]"
301,0,5e4bf0d0-9923-2f0b-542c-27adb107a58f,,1,Metal DVD Case,"[1207, 1208]"
302,0,2197b5b5-8e5d-5396-6e3e-c3b7f59d461f,,0,Season Pass,"[1209, 1210, 1211]"
303,0,e8db3f80-c8dc-f7e6-ced7-c457c62a15b4,,1,Additional Bonus Content,"[1212, 1213, 1214]"
304,0,e5b9505a-f7ab-2387-3369-95dc9d1d1f25,,2,SteelBook,"[1215, 1216, 1217]"
305,0,9c609359-36d8-3bea-bdb0-f93be245595c,"Get a jump on the competition online with the Multiplayer Head Start Kit. The kit gives you immediate access to powerful items like the heat-seeking AA missiles, special gadgets such as the defibrillator and weapons such as the 40MM grenade launcher and the M249 light machine gun. With 18 weapons, gadgets and vehicle upgrades in all, this kit gives the edge you need to start dominating in online warfare.",0,Multiplayer Head Start Kit,"[1218, 1219, 1220]"
306,0,404410f9-c056-45a2-0665-424004653e83,"Get unique in-game items not available anywhere else, including new soldier and weapon camos like the F2000 Navy Digital Camo and the L96 “Airman.” Plus, show off with a unique set of dog tags—or get out there and earn your own tags with the exclusive ACB-90 knife.",1,Exclusive in-game items,"[1221, 1222, 1223]"
307,0,a35328ce-f8ff-4080-84b8-22fa21e91a12,"Gain access powerful new features such as the ability to reset stats if you want a fresh start, queue priority into servers and new decals for Platoon emblems. Plus, join unique events like Double XP weekends and take part in exclusive competitions.",2,Powerful new features,"[1224, 1225, 1226]"
308,0,ac5264c3-12bc-c989-2192-d2c89d867f0d,,3,Expansion pack: Back to Karkand,"[1227, 1228, 1229]"
309,0,1ead4fef-64b8-318e-3603-9e7fe13080f6,,4,Expansion pack: Close Quarters,"[1230, 1231, 1232]"
310,0,7415271b-db10-5bbb-63c3-8c65dab0200d,,5,Expansion pack: Armored Kill,"[1233, 1234, 1235]"
311,0,69459dc4-d4fb-b057-5749-a272189fbe9a,,6,Expansion pack: Aftermath,"[1236, 1237, 1238]"
312,0,ef08f59a-48bb-7008-f521-b9e0c3d7fc4a,,7,Expansion pack: End Game,"[1239, 1240, 1241]"
313,1,1e2780ce-c250-8c10-7096-088332f5bb82,,0,Notes:,"[1242, 1243, 1244]"
314,0,f5f88c40-6e50-49b5-52de-5428fb087781,,5,All (29) DLC's included,"[1245, 1246, 1247, 1248, 1254, 1256, 1279]"
315,0,ccb28462-c60a-6268-8a32-2e9a517ed846,,4,20 DLC's included,"[1249, 1250, 1251, 1252, 1253, 1255, 1278]"
316,0,8ea19d05-ee80-c9f2-206f-7cc3701217be,,6,"30,5 cm (12"") Dub Step gun replica","[1257, 1258, 1259, 1260, 1261, 1262, 1275]"
317,0,1252115c-6fcc-6a82-1201-a664921fa75d,,7,"20 cm (8"") Johnny Gat Memorial Statue","[1263, 1264, 1265, 1266, 1267, 1268, 1276]"
318,0,ba84e2c5-a82c-628f-b4eb-ac7a88e81438,,8,Pocket-sized Dubstep Doomsday Button,"[1269, 1270, 1271, 1272, 1273, 1274, 1277]"
319,0,1f724fa3-94fe-8ab6-d2c3-f36a7624a1d5,,0,DLC: The 'Merica Weapon,"[1280, 1281, 1282, 1283, 1284, 1285, 1286]"
320,0,5c23055d-5b5e-a381-4a6a-afddca6cddbf,,2,DLC: The Uncle Sam Suit,"[1287, 1288, 1289, 1290, 1291, 1292, 1293]"
321,0,e8f7c6b9-d312-d23b-f79e-e8df8b68e606,,3,DLC: The Screaming Eagle Plane,"[1294, 1295, 1296, 1297, 1298, 1299, 1300]"
322,1,d3abc405-2c58-b51f-0409-cbd3a6f13180,,1,Notes,"[1301, 1302, 1303, 1304, 1305, 1306, 1307]"
323,0,57d5fd45-35b0-6573-d444-4a4a14ce9b28,,9,A full day of spy training,"[1308, 1309, 1310, 1311, 1312, 1313, 1314]"
324,0,1923c2ce-4d5b-30b5-6fe0-c1ac7e36a070,,10,A trip to space with Virgin Galactic,"[1315, 1316, 1317, 1318, 1319, 1320, 1321]"
325,0,31cec691-ad00-e386-2ac7-a27cd95cc07f,,11,One year’s membership of E25 Super Car Club and a Lamborghini Gallardo,"[1322, 1323, 1324, 1325, 1326, 1327, 1328]"
326,0,c782a802-13ec-335f-77f6-e97f0a5b987c,,12,Plastic Surgery of the purchaser’s choice,"[1329, 1330, 1331, 1332, 1333, 1334, 1335]"
327,0,f01057cf-74f3-6a0c-33f8-1f5c28757b14,,13,A shopping spree with a personal shopper to create the ultimate Planet Saints capsule wardrobe,"[1336, 1337, 1338, 1339, 1340, 1341, 1342]"
328,0,85342a47-d8d0-cc90-0f10-eab508b6da63,,14,7 nights for two at The Jefferson Hotel in Washington,"[1343, 1344, 1345, 1346, 1347, 1348, 1349]"
329,0,ad86dee5-319b-d4c1-2e79-36874259a745,,15,Hostage rescue experience,"[1350, 1351, 1352, 1353, 1354, 1355, 1356]"
330,0,5df8f0f4-5e55-551e-20dd-2c680cbc252f,,16,A brand new Toyota Prius and insurance to give something back to the environment,"[1357, 1358, 1359, 1360, 1361, 1362, 1363]"
331,0,b1a40cdf-a54d-69a3-cffd-f0d26f4b1bc3,,17,7 nights stay in the Top Royal Suite at the Burj-al-arab with flights for two,"[1364, 1365, 1366, 1367, 1368, 1369, 1370]"
332,0,01ceb016-b6e0-2510-dd43-14150d968425,A 220 page premium hardbound art book containing beautifully illustrated concept designs and artwork of the characters.,0,Hardbound Art Book,"[1371, 1372]"
333,0,d9b9069c-308d-6d92-562f-91d3344df09e,,1,Metal Game Case,"[1373, 1374]"
334,0,54f100cf-4cbe-8168-b6b0-90764c7e1d35,A sound selection CD featuring memorable music tracks from the game.,2,Sound Selection CD,"[1375, 1376]"
335,1,10131f2f-6708-4332-9ac4-798c3968dab3,,0,Notes,"[1377, 1378, 1379, 1380]"
336,0,b08e50ac-d134-262b-0bfa-915e31823f90,"Boosts Cole Phelps’ fist-fighting abilities and resilience to damage. Throughout L.A. Noire, Phelps will inevitably encounter suspects or persons of interest who prove resistant to arrest. Phelps’ hand-to-hand fighting skills could be called into action in these cases and the Broderick suit, which enhances his fighting abilities, will help give Cole the edge in making that collar. ",0,DLC: The Broderick Detective Suit,"[1381, 1382, 1383, 1384]"
337,0,a10d3ebf-ae3a-f0cc-fc68-116b1545a9ac,"Sharpens your aim with rifles and pistols. Always a worst case scenario for any Detective working a case, there are inevitably occasions when pursuing or confronting a suspect escalates to gunfire. In these shootout situations, the Sharpshooter suit gives Cole extra aiming precision to take criminals down.",1,DLC: The Sharpshooter Detective Suit,"[1385, 1386, 1387, 1388]"
338,0,d3251b3d-ed43-ab04-0431-eadf5580e640,Hidden around L.A. Noire's beautiful recreation of 1947 Los Angeles are 20 police badges to find and collect. Find all 20 of these badges to unlock the dapper Button Man Detective suit which provides extra ammo for all weapons. Each badge also provides 5 additional XP to help unlock Intuition Points – special credits that can be used to give Detective Cole Phelps a key investigative insight when he needs it most.,2,DLC: The Badge Pursuit Challenge & Button Man Suit,"[1389, 1390, 1391, 1392]"
339,0,4fef5c33-4e18-0c32-bc82-8c47947f6828,"Julia Randall, a stunning young fashion model with the world at her feet, is found dead, floating in her own bathtub. To the Homicide Squad it looks like a textbook society suicide - a glamorous life come to a nasty end - but coroner Malcolm Carruthers remains unconvinced. It falls to Detectives Phelps and Earle to work the scene, and determine which of Miss Randall's many vices finally killed her.",3,"DLC: “The Naked City"" Vice Case","[1393, 1394, 1395, 1396]"
340,0,e8a0af36-e8ac-dce5-e8ae-5f26b60cfd7f,"When a suspect caught behind the wheel of a stolen car claims to have bought the vehicle fair and square, Detectives Phelps and Bekowsky are unimpressed. When he produces a pink slip and bill of sale as proof, they sit up and take notice. There follows an investigation that will throw up bumbling car thieves, double talking auto dealers, and a theft racket that stretches across Los Angeles and the state line.",4,"DLC: ""A Slip Of The Tongue"" Traffic Case","[1397, 1398, 1399, 1400]"
341,0,f6fa6a83-ae24-60ec-8647-62a006f0af82," At 9.45 in the morning, a thunderous explosion rocks Los Angeles. City blocks are flattened and smoke and ash fill the air. Detectives Phelps and Biggs race to the site of the former Nicholson Electroplating plant to find a pile of unanswered questions. What caused the explosion? What were Nicholson's employees working on? And where are chief chemist Dr. Harold McLellan and his mysterious female assistant?",5,"DLC: ""Nicholson Electroplating"" Arson Case","[1401, 1402, 1403, 1404]"
342,0,29491f80-9b2a-0b77-0fdc-3cc32cf86b0e,"Vice Narcotics receives a tip from one Freddie Calhoun, junkie, snitch and all around no-hoper. Freddie seems to be playing it straight for once, sharing information on a city-wide marijuana distribution ring. Detective Phelps and Earle will search, question and raid their way to the top of the operation, and in the process learn how the crooks could be smuggling fifty pound shipments of dope in plain sight.",6,"DLC: ""Reefer Madness"" Vice Case","[1405, 1406, 1407, 1408]"
345,1,f5f1b53e-3e2d-7586-ae54-08265e8ee7ac,,0,Differences,"[1415, 1416]"
346,1,d2379ea1-1610-9340-c4ee-164d1bc47931,,0,Differences,"[1417, 1418]"
347,0,2a42989b-4936-75bc-6331-0ce79abb225a,,0,"25 cm (10"") figurine of an Alb Mage","[1419, 1420]"
348,0,2b062e51-2a5d-835b-55d2-c010209ff5af,,1,"5 cm (2"") amulet in the form of a combat drone","[1421, 1422]"
349,0,f26a8464-5ffa-3f4d-f791-94fdf69cbbb4,,2,A cloth map over the world of Magalan,"[1423, 1424]"
350,0,85eff336-e1a4-2c37-3d68-f56d13956b35,,3,Soundtrack,"[1425, 1426]"
351,0,0fd98986-5be1-79e2-3ea6-4173a5817be0,,4,Artbook,"[1427, 1428]"
352,0,bb46d55f-7145-0b5c-2f69-cea9dd2570d6,,5,A making of DVD,"[1429, 1430]"
355,0,cb89c5ba-b050-a1d6-d351-f43460aa6d3a,,0,4K resolution,"[1439, 1440]"
356,0,5ad03d88-2b57-c938-1b7d-760c2fca72ad,,0,Expansion: Viking Invasion,"[1441, 1442, 1443]"
357,0,3608f59b-cddb-a2a0-35df-4b7354d42ec2,,6,Noire Skin for Widowmaker,"[1444, 1445, 1446, 1447]"
358,0,c8be0a52-5d8f-9a78-1aa7-48591d394896,Overwatch’s former Strike-Commander stands tall once again—on your desk. This premium-grade statue measures 12.8” in height.,7,Soldier: 76 Statue,"[1448, 1449, 1450, 1451]"
359,0,f7fe1a6e-8fda-00b7-6ffd-a4c84d949037,"Dive into the world of Overwatch with in-depth illustrations and information about the game's heroes, locations, and story.",8,Visual Sourcebook,"[1452, 1453, 1454, 1455]"
360,0,b3397ebd-548e-232a-7d34-1a71a43cf587,,9,Soundtrack,"[1456, 1457, 1458, 1459]"
362,0,f812a990-0d94-0958-519f-652a8ad8733e,,10,Steelbook DVD case,"[1464, 1465, 1466, 1467]"
363,0,e2b08d9d-b285-7d45-e443-a52ae85ab21b,,11,12 unique postcards,"[1468, 1469, 1470, 1471]"
365,0,59de7b66-83fb-46f9-2e36-779bb5d2b836,"Pay homage to the original Overwatch strike force by wearing the vintage skins Blackwatch Reyes or Strike-Commander Morrison. Explore other heroes’ origins with Overgrown Bastion, Security Chief Pharah, and even Slipstream Tracer! ",0,Ingame content for Overwatch: Hero Skins,"[1476, 1477, 1478, 1479]"
366,0,f5625e28-c9c7-ee48-2a9d-d6174b7af5af,Slay demonic forces throughout the High Heavens and Burning Hells as you don Mercy's wings. All of Sanctuary will know of your allegiance to Overwatch!,1,Ingame content for Diablo III: Mercy's Wings,"[1480, 1481, 1482, 1483]"
367,0,c5159d72-7895-bda8-6f04-fbc80a9264bd,"Adorably cuddly and highly intellectual, the Baby Winston pet will be at your side as you fight your way through Azeroth.",2,Ingame content for World of Warcraft: Baby Winston Pet,"[1484, 1485, 1486, 1487]"
368,0,1a6e9ba4-fd66-f338-1d93-172ec24f5ddb,Battle it out in Hearthstone with an Overwatch-themed card back fit for a hero.,3,Ingame content for Hearthstone: Card Back,"[1488, 1489, 1490, 1491]"
369,0,c26a0948-5415-9a3b-685a-f1f767feed79,"With brand new portraits of Tracer, Reaper, Pharah, Winston, Bastion, and Soldier: 76, you're sure to become a champion of the Koprulu Sector.",4,Ingame content for StarCraft II: In-game Portraits,"[1492, 1493, 1494, 1495]"
370,0,60ced2cf-529c-8e06-2225-10a73dced7d0,Jump into the Nexus with Tracer and surprise your enemies in the blink of an eye.,5,Ingame content for Heroes of the Storm: Tracer Hero,"[1496, 1497, 1498, 1499]"
371,0,44856690-8b13-846b-0322-0a366bc01492,"Each containing a collection of random items that can be used to customize your favorite heroes. Loot Boxes may include skins, emotes, victory poses, voice lines, sprays, and highlight intros, as well as credits you can use to unlock a variety of different customization options.",12,10 Standard Loot Boxes,"[1500, 1501, 1502, 1503]"
373,0,3a7afca1-416b-0cd6-e2c3-4425878f0699,All DLCs included,0,DLCs,"[1509, 1510, 1511, 1512, 1513]"
374,0,2d71b5f5-3716-65bb-5ce2-1d9152013228,CD Soundtrack,1,Soundtrack,"[1514, 1515, 1516, 1517, 1518]"
375,0,8a9ea6d0-b5f1-ece2-cd5d-61636d639ad0,Double sided print of the in-game island,2,Collectible map,"[1519, 1520, 1521, 1522, 1523]"
376,0,5349f49e-8d68-9768-552c-241f6e258f2e,,3,Survival pouch,"[1524, 1525, 1526, 1527, 1528]"
377,0,1732db3c-03ff-5d14-6251-8ee68c415002," 8"" Play Arts Kai Lara Croft figurine in a metal box",4,Lara Croft figurine,"[1529, 1530, 1531, 1532, 1533]"
378,0,8ef02ca5-a5a1-482d-5300-3081117d6908,3 iron-on collectible badges,5,Badges,"[1534, 1535, 1536, 1537, 1538]"
379,0,927d7674-b377-5e2e-8cba-b631c87a7593,,6,Litograph,"[1539, 1540, 1541, 1542, 1543]"
380,0,fffd3f90-7c22-1e06-6695-91520d2164bb,32 page art book,7,Art book,"[1544, 1545, 1546, 1547, 1548]"
381,0,6c125433-47b6-10dc-05d8-ee3ffcb53f4f,"Exclusive to GAME in the UK, it included  an exploration themed Challenge Tomb and a skill upgrade",8,Explorer Edition bundle,"[1549, 1550, 1551, 1552, 1553]"
382,0,263031ce-acb2-69a2-ab66-240dbaad4f4d,"Exclusive to TESCO in the UK, it included three weaponry upgrades and a skill upgrade",9,Combat Strike Pack,"[1554, 1555, 1556, 1557, 1558]"
383,0,f76b5672-4c7c-a6ae-7e2e-7e2a94629b1a,"Amazon exclusive, which included Hunter Skin for Lara, and a digital copy of Geoff Keighley's The Final Hours of Tomb Raider for the Kindle Fire, Shanty Town multiplayer map and an access code to a real-life scavenger hunt.",10,Tomb Raider: The Final Hours Edition,"[1559, 1560, 1561, 1562, 1563]"
384,1,d416870e-942d-17e1-0cc9-8bb224ff1808,,0,Notes,"[1564, 1565]"
385,0,3e33b9f1-70e3-5f45-6fd4-f713aba801d1,,0,New Adventure: The Black Pits,"[1566, 1567]"
386,0,bf98332f-197e-34f9-09bb-ab5d31b61f2d,"Dorn Il-Khan, Neera the Wild Mage & Rasaad yn Bashir.",2,New Characters,"[1568, 1569]"
387,1,1d5c852d-5530-5006-f9d2-7298379ceb80,,1,Notes,"[1570, 1571]"
388,1,795d043f-0245-65fb-4ec3-27a9590ef384,,3,,"[1572, 1573]"
389,1,7c292bc4-18f7-8487-937b-74b41c7fcc71,,4,,"[1574, 1575]"
390,0,2a0944b4-c533-4a3b-355e-77d0e6ecc6c9,"Complete soundtrack of Baldur's Gate, Baldur's Gate: Enhanced Edition, and Baldur's Gate: Siege of Dragonspear.",0,Soundtrack,"[1576, 1577, 1578]"
391,0,50df7b86-3cf8-dfd2-e195-bfba458287a7,"Delve into the mystery of the Shining Lady, Caelar Argent, in this detailed report by Flaming Fist Corporal Bence Duncan. This vital information comes bound in a faux-leather cover, inset with a special two inch coin.",1,Field Report with Removable Coin,"[1579, 1580, 1581]"
392,0,5ae53eeb-da67-6169-ded3-f76345486ad6,"Watch where you're going and know where you've been with a map of the Sword Coast. With a parchment colored background and one-color printing on a 16"" by 20"" cloth, this curio is a must have for any fan of the Forgotten Realms.",2,Cloth Map,"[1582, 1583, 1584]"
393,0,250cbdf6-091d-c4d7-9757-982277a0490b,"Learn the ins and outs of Baldur's Gate: Enhanced Edition in this sturdy, 8x11"", full color, spiral bound book. This invaluable tome includes Siege of Dragonspear's classes, spells, a bestiary of summoned monsters, and much more.",3,Adventurer's Guide,"[1585, 1586, 1587]"
394,0,47d26bc0-0461-3155-5714-32399e7cefd0,"Show the world you've joined the siege with this metal amulet on a faux leather cord. The amulet, embossed with Siege of Dragonspear's iconic dragon's head logo, makes the perfect accessory for a dedicated gamer.",4,Siege of Dragonspear Amulet,"[1588, 1589, 1590]"
395,0,00adeb04-5be3-3916-4e71-b779e04b2514,Play tabletop games in style with this dice bag bearing the Siege of Dragonspear title logo and seven dice designed by the artists behind Siege of Dragonspear.,5,Velvet Dice Bag with Seven Dice,"[1591, 1592, 1593]"
396,0,0b9aef32-9ddc-d5b9-95a9-b17c561b342d,"A 36-page guide to the Mass Effect universe, including a Citadel timeline and a guide to all non-human races, biotics and the key locations in the Perseus arm of the galaxy.",0,Galactic Codex: Essentials Edition 2183,"[1594, 1595]"
397,0,421be456-ef1f-ab25-e109-0cccf7dc6f80,A 36-page collection of BioWare's concept art for the game.,1,Art book: A Future Imagined,"[1596, 1597]"
398,0,5a0a5dd8-f8f3-79d1-d60e-8fa16c1fc84b,A bonus DVD of exclusive Mass Effect background material and additional content.,2,Bonus DVD,"[1598, 1599]"
399,0,8deef37e-e349-c715-629f-aaab39349849,Prospect Mask with a display base,2,Prospect Mask,"[1600, 1601, 1602]"
400,0,2cbc1e18-8ec5-dd1b-69ae-333dc1b08cc3,52 page collectible artbook,3,Art book,"[1603, 1604, 1605]"
401,0,f4b33506-a8ef-0e82-5491-dde8688e03eb,Absolver sticker pack,4,Collectible stickers,"[1606, 1607, 1608]"
402,0,3635a421-cea6-65e3-7ba2-500eb4039850,official soundtrack from Austin Wintory,5,Official Soundtrack,"[1609, 1610, 1611]"
403,1,47eebee7-3ee5-e0a1-9f93-a63bb97cc133,,0,notes,"[1612, 1613, 1614]"
404,0,dcb3c709-d9c2-4acd-ce74-a27d69a95203,cardboard Stray Sheep Pizza Box case,0,Collectible pizza box,"[1615, 1616, 1627, 1645]"
405,0,b156bec8-872a-6ef0-2a89-0077c305ae6e,,1,printed pillowcase,"[1617, 1618, 1628, 1646]"
406,0,d12e0e6b-eb5a-ace2-8567-6e0ced1fda36,,2,Empty Hearts T-shirt,"[1619, 1620, 1629, 1647]"
407,0,a648eecc-9c8c-8253-e1ca-685102d3833c,,3,Vincent’s polka-dot boxer shorts,"[1621, 1622, 1630, 1648]"
408,0,d2330267-c037-af61-c2be-9f7a25796451,,4,Artbook,"[1623, 1624, 1631, 1649]"
409,0,4f034e0f-1356-0c56-e404-ebf06260a362,Catherine Sound Disc CD,5,Soundtack,"[1625, 1626, 1632, 1650]"
410,0,b1b93f88-d9c6-aaef-1ae2-b4f0cb5391f6,,6,Replica 'Rave' t-shirt,"[1633, 1634, 1635, 1651]"
411,0,b96f52b1-e46b-4dc2-ad23-99381ebbb5d0,two Stray Sheep coasters,7,coasters,"[1636, 1637, 1638, 1652]"
412,0,03b4e4c8-1db1-ce06-51cb-cac3bd8f30bb,,8,Poster,"[1639, 1640, 1641, 1653]"
413,0,2eea2ef5-a2c2-95bb-98fb-dfae4b395f08,reversible cover of Catherine and Katherine,9,Alternate cover,"[1642, 1643, 1644, 1654]"
414,0,df51c98f-7037-bd20-857c-73cafa443e95,2.75in x 4.72in,10,arm rest cushion ,"[1655, 1656, 1657, 1658]"
415,0,6b3acce8-0511-db99-a972-73aa8f40580a,,11, 3 telephone cards,"[1659, 1660, 1661, 1662]"
416,1,caa6fe0a-2447-ba0e-1f11-e3522aa234a5,,0,notes,"[1663, 1664, 1665, 1666]"
417,0,beb567f7-dc80-1214-8fce-42cc9eaf3a63,,0,Controller skin,"[1667, 1668]"
418,0,c5199219-1024-f801-109b-96089ad5ca6a,,1,In-game addons: Jet Set Radio glasses and outfit,"[1669, 1670]"
419,0,a9a4c465-8540-53c0-20c4-6b5008cca6a9,,2,In-game addons: Persona 5 mask and outfit,"[1671, 1672]"
420,0,e064fe3a-e176-e8f1-2851-789613c69283,,3,In-game addons: Puyo Puyo hat,"[1673, 1674]"
421,0,dcff4396-19d7-d085-94ed-f9dbf89e8cec,,4,In-game addons: Super Monkey Ball ears and outfit,"[1675, 1676]"
422,0,628dade3-cedf-97a3-2fd5-46720eddf8de,,5,In-game addons: Nights hat and outfit,"[1677, 1678]"
423,0,19392116-354f-f021-b256-f0e40e62140a,,0,48-page hardcover art book,"[1679, 1680]"
424,0,0f2ea0cd-42af-8e41-eca6-a405479ab15b,,1,Limited edition Mass Effect Redemption #1 comic book,"[1681, 1682]"
425,0,bcc2ce69-aec7-2c25-c489-2aa18c6c2f81,,2,Exclusive in-game Collectors’ Edition weapon and armor,"[1683, 1684]"
426,0,cd069674-12d6-7063-9a8d-950f231b674d,,3,Bonus DVD with behind-the-scenes and making-of videos,"[1685, 1686]"
427,0,81e7abf7-203a-296f-f44e-d281b2db7495,,4,Limited edition Cerberus Network card granting access to bonus content,"[1687, 1688]"
428,0,29dd0474-61d7-7e2f-71ae-5dc87c423e3d,featuring commemorative artwork of Commander Shepard.,0,Premium metal case,"[1689, 1690, 1691]"
429,0,826e8399-2a26-fcca-13c3-ad869893cb92,70-page hardbound art book featuring hundreds of unique and gorgeous illustrations from the BioWare development team.,1,Art book featuring,"[1692, 1693, 1694]"
430,0,ae81912c-189b-e29e-6ac4-ffd19c04f739,"by Dark Horse Comics, complete with unique cover artwork.",2,Limited edition Mass Effect comic,"[1695, 1696, 1697]"
431,0,8cc9b1e4-4cc0-32f8-3dde-a54c2f18ef41,,3,Fabric N7 patch,"[1698, 1699, 1700]"
432,0,c1923be9-d871-8b29-5775-ce4c5e960da4,featuring a one-of-a-kind piece of artwork,4,Exclusive 4x6 lithographic print,"[1701, 1702, 1703]"
433,0,a3201230-cfd1-f879-80c9-5fdd773acd98,"Bring the firepower with the N7 Sniper Rifle, Shotgun, SMG, and Pistol.",5,In-game content: N7 Arsenal Pack,"[1704, 1705, 1706]"
434,0,353e04ed-d9e5-f5e4-ea49-85d183826a2a,A faithful sidekick to keep you company on board the Normandy.,6,In-game content: Robotic Dog,"[1707, 1708, 1709]"
435,0,1b9c6764-7d52-6de3-75a7-d0f60f347ab1,New appearances for your favorite squad members.,7,In-game content: Squadmate Alternate Outfit Pack,"[1710, 1711, 1712]"
436,0,f61932cf-7e61-023f-bd01-08718ef4f842,For Commander Shepard's casual days on board the Normandy.,8,In-game content: N7 Hoodie,"[1713, 1714, 1715]"
437,0,29d30a4e-f021-5c0e-5c8c-2de01ff95cf7,,9,Soundtrack,"[1716, 1717, 1718]"
438,0,1e2117c2-90e0-d875-f20e-b6603742f2f0,"Nissan 350Z 2008, Chevrolet Camaro SS 1967
Dodge Charger R/T 1969, Ford F-150 Raptor 2016, Volkswagen Golf GTI Clubsport 2016",0,Platinum Car Pack including exclusive Platinum Blue Underglow,"[1719, 1720]"
439,0,dec4dcb6-3483-4681-e3e2-5139952577a9,,1,3 Days of Early Access,"[1721, 1722]"
440,0,4acc848a-c3d8-b37b-a290-1dd0a6862833,,2,Story Mission Pack,"[1723, 1724]"
441,0,b9acfeb5-5386-7161-1c06-c280adc3112d,,3,Exclusive NOS Color,"[1725, 1726]"
442,0,467fde42-efdf-8c42-9bb7-1c03c63bc60b,,4,Exclusive License Plate,"[1727, 1728]"
443,0,a31176e5-7ffb-a632-c658-2daedd4e6c8c,,5,Exclusive Leaderboard Icon,"[1729, 1730]"
444,0,c631ba55-f6cd-bb89-85f2-13ba0c9453a4,,6,5 Shipments,"[1731, 1732]"
445,0,ca7fba89-6a0a-7bf8-651e-51116b5c9702,,7,5% Rep Bonus,"[1733, 1734]"
446,0,03abd3b7-4f2e-19e5-71d9-2e9d6399c4b2,,8,10% Discount on In-Game Content Using Earned In-Game Currency,"[1735, 1736]"
447,0,ae1c89e8-e75c-82b5-a89d-c61a211ea7db,,0,4 Days of Early Access for Gears of War 4,"[1737, 1738, 1739, 1740]"
448,0,a266c7ae-67ca-5504-ed79-47dcbcc523e7,,1,Collectable Steelbook Case,"[1741, 1742, 1743, 1744]"
449,0,ce254835-f987-f254-8664-64ae94493a50,,2,Season Pass,"[1745, 1746, 1747, 1748]"
450,0,5b1d668d-57c0-9811-9e11-f78cb3f3cee7,,3,Frag Grenade Keychain & Exclusive Lithograph by TriForce,"[1749, 1750, 1751, 1752]"
451,0,11f1e206-3130-610a-3e71-81284fda42f1,,4,In Game Bonus Content: Includes 3 Gear Packs,"[1753, 1754, 1755, 1756]"
452,0,bb328ec9-88a0-de30-2316-86849dcb4f4a,,5,Premium Packaging Box,"[1757, 1758, 1759, 1760]"
453,0,e9b30dee-6a8e-c037-eaaa-ee9c372a919e,,6,JD Fenix on COG Bike Premium Statue by TriForce,"[1761, 1762, 1763, 1764]"
454,0,da04b581-110f-0143-8c6c-fe8fdda1cc75,,7,Amazon Exclusive: JD Fenix on COG Bike Premium Statue by TriForce - Outsider Variant,"[1765, 1766, 1767, 1768]"
455,0,ecafbae6-1657-7b3d-b336-3020a9c06857,modeled after Conan from the Conan Exiles cinematic trailer.,0,"15 cm (6"") Conan the Barbarian polyresin figurine","[1769, 1770, 1771, 1772]"
456,0,218da9c1-cc23-cc6d-a50a-72ba78203f66,created in collaboration with Dark Horse Comics. The comic book tells the story of Conan on one of his adventures in the Exiled Lands.,1,Full-color print comic book,"[1773, 1774, 1775, 1776]"
457,0,31673b09-ce70-57cc-ece1-4e8c746f39ed,featuring the music from Conan Exiles as well as the music from Age of Conan: Hyborian Adventures and Age of Conan: Rise of the Godslayer.,2,Three soundtracks,"[1777, 1778, 1779, 1780]"
458,0,0291266a-baf3-54c9-ecee-54ce916ceff5,"Go behind the scenes and discover some of the incredible production artworks developers used to guide their vision for the game in this full-color, print artbook.",3,Artbook,"[1781, 1782, 1783, 1784]"
459,0,3f282aa8-abeb-8fb8-2dc7-5277c451c0aa,Full-color printed map of the world of Conan Exiles.,4,World Map,"[1785, 1786, 1787, 1788]"
460,0,94ad9749-190d-42c7-f108-e8a88f96c46a,"Code to unlock six full-color digital comic books from Dark Horse Comics, featuring the entire “A Witch Shall Be Born” story arc.",5,Digital Comic Books,"[1789, 1790, 1791, 1792]"
461,0,20d181e7-c07f-dabf-1c46-1ffb00ac0345,Code to unlock the 368 full-color digital rule book created by Modiphius for their Conan pen and paper role-playing game. Everything you need to play!,6,Digital RPG Book,"[1793, 1794, 1795, 1796]"
462,0,583d3ea5-3687-2f27-a58e-4127a8ff8caf,"Code to unlock the “Coming of Conan” eBook. Collected in this 496-page eBook volume, illustrated by Mark Schultz, are Robert E. Howard’s first thirteen Conan stories.",7,Ebook,"[1797, 1798, 1799, 1800]"
463,0,92d9c0ac-c47c-111c-20df-a2f452b1d78b,,8,Ingame Item: Conan’s Atlantean Sword,"[1801, 1802, 1803, 1804]"
464,0,365b0a42-04b7-64e8-b323-56f5398bb7fc,,9,Ingame Item: Conan’s Royal Armor,"[1805, 1806, 1807, 1808]"
465,0,8a111c04-17f6-7bdd-929c-c75cb4dca558,,10,Conan Exiles T-shirt,"[1809, 1810, 1811, 1812]"
466,0,782c782a-1279-4d74-43a7-9f64cddb6ac5,Monster Hunter: World special soundtrack,3,Soundtrack,"[1813, 1814, 1815, 1816]"
467,0,e8cca195-467e-6df9-a577-5b284bf15348,Layered armor sets will change the look of your armor without changing the properties underneath. Equip this Samurai set over your favorite armor to take on the striking appearance of a feudal Japanese samurai warrior.,6,Digital content: Samurai set,"[1817, 1818, 1819, 1820]"
468,0,f7c97913-c9d4-64ca-50ca-c7f914ebf4ec,"Collectable figure of Nergigante
size: approx. W 14 cm x D 17 cm x H 12,5 cm",5,Nergigante figure,"[1821, 1822, 1823, 1824]"
469,0,e25a173a-ad36-5ced-cd6e-3f595a5d18c1,"Monster Hunter: World artbook ""Monster Designs""",4,Art book,"[1825, 1826, 1827, 1828]"
470,0,181dcdc6-92fa-35a5-685a-9e31bae7b07e,"The Origin Set armor is a nostalgic must-have for series fans. This full armor set (head, chest, arms, waist, and legs) comes with enough defense to carry you through the early quests, and also features plenty of skills useful for gathering.",0,Origin Set Armor,"[1829, 1830, 1831, 1832]"
471,0,179f8efb-a192-793c-de7c-4ba6f6f27617,"The Fair Wind charm carries a skill that increases your attack power, and one that adds a chance of reducing the damage you take. The charm also has a nice visual impact, as equipping it will add a glowing aura effect to your left arm!!",2,Fair Wind Charm,"[1833, 1834, 1835, 1836]"
472,0,bf23f8d7-6d40-1746-0a88-fe8981fb9969,"23 cm (9"")",0,Kratos & Atreus Statue by Gentle Giant,"[1837, 1838, 1839, 1840]"
473,0,14314838-16e4-f285-bf5f-4216712962ca,,2,Limited Steelbook Case,"[1841, 1842, 1843, 1844]"
474,0,c007e7d2-fa4f-2d9c-25b8-5824eaf26046,"5 cm (2"")",1,Huldra Brothers Carvings,"[1845, 1846, 1847, 1848]"
475,0,1d839723-2209-67f2-a608-22a3cf693b60,,3,Exclusive Lithograph,"[1849, 1850, 1851, 1852]"
476,0,b0aa7b95-9d3c-42d6-876e-46ea607a009e,,4,Cloth Map,"[1853, 1854, 1855, 1856]"
479,0,bd7f9ba7-5b45-b9fc-52fd-4034dd1bcf29,,9,Digital Contents: PlayStation Dynamic Theme,"[1865, 1866, 1867, 1868]"
482,0,3bf9f369-34fa-a8d3-8efb-60686e49f36c,,5,Digital Contents: Death's Vow Armor Set,"[1877, 1878, 1879, 1880]"
483,0,f39ed64a-8381-6cd7-321f-0d2871af0bd3,,6,Digital Contents: Exile's Guardian Shield Skin,"[1881, 1882, 1883, 1884]"
484,0,868fc57a-2f32-2075-fdb9-52514930744d,,7,Digital Contents: God of War Comic #0 by Dark Horse Comics,"[1885, 1886, 1887, 1888]"
485,0,9d85513a-c3ee-620f-fdcf-9381b22fef33,,8,Digital Contents: God of War Mini Artbook by Dark Horse Comics,"[1889, 1890, 1891, 1892]"
486,0,da773563-816f-8ccb-87ae-b1818f93b080,,10,Defender of the Chosen Shield Skin,"[1893, 1894, 1895, 1896]"
487,0,abb51f4e-dbec-8cb6-c109-fb4c4e1682f9,,11,Stone Mason's Ring,"[1897, 1898, 1899, 1900]"
488,0,b53ef6f2-aa3a-2357-4967-c1bb61f05466,,12,Mimir's Head Talking Keychain,"[1901, 1902, 1903, 1904]"
489,0,229063cc-0660-514d-09d2-7249a68b92c2,"5 cm (2"")",13,Horse and Troll Carvings,"[1905, 1906, 1907, 1908]"
490,0,108af953-37fe-4335-b946-df337055aa1a,Enjoy three new amusing gestures you can use when interacting with other players in the game.,7,Digital content: 3 Additional Gestures,"[1909, 1910, 1911, 1912]"
491,0,4e5b4c64-db87-dcc0-8844-36c6896efe34,Fun stickers you can use when chatting with other players in the game.,8,Digital content: Additional Stickers,"[1913, 1914, 1915, 1916]"
492,0,a5e4cac3-e988-d91b-a8b3-9dbb7875407d,"Paint your character's face with the Japanese character ""竜"" for ""wyvern"". You can also freely change your character's hairstyle to a topknot.",9,Digital content: Additional Face Paint Additional Hairstyle,"[1917, 1918, 1919, 1920]"
493,0,c5ed2ae0-64fa-cc1a-c653-55c50992cf95,,10,Steelbook,"[1921, 1922, 1923, 1924]"
494,1,aec095c2-c770-f1b4-c19f-1ce40c2ba503,,1,Notes,"[1925, 1926, 1927, 1928]"
496,0,464139da-3b36-8402-8be0-e68e1650d4f2,"The Digital Deluxe Pack which includes early access to several equipment, vehicles, weapons and consumables to lead the resistance and fight against The Project at Eden’s Gate.",2,Deluxe pack,"[1933, 1934, 1935, 1936, 1937, 1938, 1939]"
497,0,52e975dd-e40b-d9df-5699-fe880280cbf4,,3,Season Pass,"[1940, 1941, 1942, 1943, 1944, 1945, 1946]"
498,0,6cd65cd2-e8c8-3d2f-bd89-f2611a86b987,A double-sided tourist map of Hope County featuring point of interest and key locations. Physical copies only.,4,The world map,"[1947, 1948, 1949, 1950, 1951, 1952, 1953]"
499,0,48914bef-f2d2-0c83-cc60-913ebefd0843,,5,Official soundtrack,"[1954, 1955, 1956, 1957, 1958, 1959, 1960]"
500,0,b9ade529-5422-50f8-4beb-32b28003a5ee,,6,Steelbook,"[1961, 1962, 1963, 1964, 1965, 1966, 1967]"
501,0,a4dfaaef-a451-8c55-c077-80f6c3968a0f,"The exclusive Joseph Seed Figurine, also called “The Father”, and its colorised stained glass (Total height : 31.3 cm).",8,The Father Figurine,"[1968, 1969, 1970, 1971, 1972, 1973, 1974]"
502,0,a71477bd-bc60-d363-13cf-07b59d527bc8,45 cm,9,Deer Skull in resin,"[1975, 1976, 1977, 1978, 1979, 1980, 1981]"
503,0,c9a2cbb1-c142-179a-feca-4bf57f4469d8,"Doomsday Prepper Pack includes the prepper outfit,  gun & vehicle skins plus additional consumables.",0,Doomsday Prepper Pack,"[1982, 1983, 1984, 1985, 1986, 1987, 1988]"
504,0,f3ee672e-9f96-6ae2-b9c6-e57c78b5501c,"A unique, exclusive and limited Steelbook designed by Jay Shaw, Creative Director of Mondo.",7,Limited Steelbook,"[1989, 1990, 1991, 1992, 1993, 1994, 1995]"
505,0,fa5468cb-fef9-ec8f-0e05-003e76e5bb4b,A stunning vinyl inspired by Jay’s work as well as a code to A code to download the digital version of the vinyl tracks : twelve songs that reflect perfectly the atmosphere of the game.,10,Vinyl,"[1996, 1997, 1998, 1999, 2000, 2001, 2002]"
506,0,d1c0fd5e-ee78-6952-a2e4-e5fe542fc04c,"42 cm (16.5"") premium statue featuring highly detailed reproductions of Resistance members Nick Rye and Boomer the dog. ",11,Nick Rye and Boomer the dog figurine,"[2003, 2004, 2005, 2006, 2007, 2008, 2009]"
507,0,64704dfa-0866-3878-c413-f5ba104a2fc0,High-quality Hope County flag bandana and logo pin collectibles so you can wear your allegiance for all to see. ,14,Hope County flag bandana and logo pin,"[2010, 2011, 2012, 2013, 2014, 2015, 2016]"
508,0,3911719d-73ef-e97e-4d7f-e9696fe59d5d,A souvenir Koozie mug.,13,Koozie mug,"[2017, 2018, 2019, 2020, 2021, 2022, 2023]"
509,0,03d94936-fb9e-0df8-f3d5-e4e9ddcbde63,a set of three exclusive postcards to commemorate your trip to Hope County. ,12,Three exclusive postcards,"[2024, 2025, 2026, 2027, 2028, 2029, 2030]"
510,1,7521cd03-7571-127f-a8aa-2d60d7ffc5cb,,1,Notes,"[2031, 2032, 2033, 2034, 2035, 2036, 2037]"
511,0,db23e4b8-fd4d-51af-4f85-15a0a9186ddd,,2,Original Soundtrack,"[2038, 2039, 2040, 2041, 2042, 2043]"
513,0,2a4521f9-e138-687d-2099-13672036b2d1,,3,Outfits/Weapons Pack,"[2050, 2051, 2052, 2053, 2054, 2055]"
514,0,4796598e-1f11-5623-a5ff-687fa2f06f26,,4,Season Pass,"[2056, 2057, 2058, 2059, 2060, 2061]"
515,0,8178ba67-c804-4b86-0980-9e8515de2ffd,Play the game 48 hours before game release.,0,48 Early Access,"[2062, 2063, 2064, 2065, 2066, 2067]"
516,0,6840f9a1-32e1-e65e-0e3a-d9da842d6972,,1,Skills Booster Pack,"[2068, 2069, 2070, 2071, 2072, 2073]"
517,0,f294c6a8-95cf-a8c8-3e88-9a2e5a3582d1,Lara Croft readies her trusty machete before entering a deadly tomb.,5,Statue,"[2074, 2075, 2076, 2077, 2078, 2079]"
518,0,d171867a-24d3-810d-ed4f-b61a588e5bf0,Bring Lara's flashlight with you on any adventure you embark on.,6,Flashlight,"[2080, 2081, 2082, 2083, 2084, 2085]"
519,0,4962e56c-b5e8-be7d-139b-7b2e09b3ecb6,"Lara's climbing axe is a multi-purpose tool, which also functions as a bottle opener.",7,Bottle Opener,"[2086, 2087, 2088, 2089, 2090, 2091]"
520,0,cba0e500-4f4c-fcf1-39a0-ef8ad2383668,,8,SteelBook,"[2092, 2093, 2094, 2095, 2096, 2097]"
521,0,7f78fcf1-5cfd-1b31-5628-e472b7947e24,,9,3 Art cards,"[2098, 2099, 2100, 2101, 2102, 2103]"
555,0,a655f38f-4322-fb48-6d4e-8bc71f3834c0,,0,Limited edition figurine,"[2154, 2155]"
556,0,323f6799-6718-6ffc-08d5-5164ba5a7f1d,,1,In-game unlockable code,"[2156, 2157]"
588,0,1997dc63-667e-d6c8-f166-938c8791107c,,0,Art book,"[2187, 2188, 2189, 2205]"
590,0,d9b77731-d613-7aa3-1de6-118b1900be41,,4,16″ Arno Figurine,"[2193, 2194, 2195, 2209]"
591,0,41e7bb48-3151-c8fb-9afc-5261062719ae,,3,Soundtrack,"[2196, 2197, 2198, 2208]"
592,0,566469c3-5092-dfaa-bb83-7e52fb32c3de,,2,Chemical Revolution mission,"[2199, 2200, 2201, 2207]"
593,0,91f1e347-2a35-d209-6713-3647ddfb741e,,1,Music box,"[2202, 2203, 2204, 2206]"
594,0,0301c91b-0e26-ac15-1e18-3fd9c3792806,,0,Season Pass,"[2210, 2211, 2212, 2213, 2214]"
595,0,85e87a06-f64b-cbe6-6be5-33e1308fe009,,1,London map,"[2215, 2216, 2217, 2218, 2219]"
596,0,ff54d214-8419-8e03-d808-ebd52f22b180,,2,Exclusive Collector's Box,"[2220, 2221, 2222, 2223, 2224]"
597,0,ae97120e-3cc8-f5c3-762e-f4895e6c8f56,,3,Artbook,"[2225, 2226, 2227, 2228, 2229]"
598,0,8c4a6ac4-0d28-ef04-baa2-7cebac4a5b6c,,4,Jacob-Figur (30 cm),"[2230, 2231, 2232, 2233, 2234]"
599,0,eab9d193-8fd7-6b5e-294c-b276f77ad0ee,,5,Jacob-Figur (27 cm),"[2235, 2236, 2237, 2238, 2239]"
600,0,049621db-68c0-ce7f-0124-2a9194fdf42c,,6,Soundtrack,"[2240, 2241, 2242, 2243, 2244]"
601,0,c44806f5-ce8e-a81e-097b-01258db81f1e,,7,Lithograph,"[2245, 2246, 2247, 2248, 2249]"
