id,alpha_channel,animated,checksum,height,image_id,url,width
3554,,,544a77c6-064c-5911-38c6-a240d81aed5a,1080,hkulihu7z8g4mjjriwag,//images.igdb.com/igdb/image/upload/t_thumb/hkulihu7z8g4mjjriwag.jpg,832
3581,,,c056aec6-231b-4f66-b138-dec806a1d601,375,nzn4ppwhofl04vyipcri,//images.igdb.com/igdb/image/upload/t_thumb/nzn4ppwhofl04vyipcri.jpg,640
3594,,,035058f6-31df-60dc-c4a5-12d8e8a091da,479,xwp5p9deiutkziy4qpxr,//images.igdb.com/igdb/image/upload/t_thumb/xwp5p9deiutkziy4qpxr.jpg,345
3600,,,c8edd77e-b12e-4f9c-d16a-2b1b7e4998d2,768,cw1ueyhpkskaxrwqs4ye,//images.igdb.com/igdb/image/upload/t_thumb/cw1ueyhpkskaxrwqs4ye.jpg,1364
3611,,,ee427103-1265-2e0b-56fd-aa353da1e3aa,830,kqnbdapuwy8ajpxqipow,//images.igdb.com/igdb/image/upload/t_thumb/kqnbdapuwy8ajpxqipow.jpg,830
3613,,,abf9d4fc-b40e-a896-f59e-be933ce39777,352,w8htgb5k9m81w3stzq5z,//images.igdb.com/igdb/image/upload/t_thumb/w8htgb5k9m81w3stzq5z.jpg,270
3621,,,9216f11a-9d92-10f8-5fd5-a93b58ab2e89,375,csmfjrti5ucwaoqtutrk,//images.igdb.com/igdb/image/upload/t_thumb/csmfjrti5ucwaoqtutrk.jpg,295
3624,,,66b3793a-33a4-3467-65e4-ca7d60f0ba96,606,ptv3phcqzy3horhguzgm,//images.igdb.com/igdb/image/upload/t_thumb/ptv3phcqzy3horhguzgm.jpg,441
3627,,,b605d402-3a16-1b65-da75-dee1669e758e,640,wreijwynlk8jqm9xw1vv,//images.igdb.com/igdb/image/upload/t_thumb/wreijwynlk8jqm9xw1vv.jpg,491
3630,,,eff875db-3988-d0a1-9a5f-6c3529b05b48,428,c4j0cb96bgakr88bjfvl,//images.igdb.com/igdb/image/upload/t_thumb/c4j0cb96bgakr88bjfvl.jpg,316
3631,,,06e0fd11-bf93-3bed-4fbf-c2da60ea5554,541,gbblcpycq7gmzva9iums,//images.igdb.com/igdb/image/upload/t_thumb/gbblcpycq7gmzva9iums.jpg,300
3632,,,cb9233f5-ab32-72a4-71fa-4e0b8481b230,1827,cwojox5fsvoyb6rb73sc,//images.igdb.com/igdb/image/upload/t_thumb/cwojox5fsvoyb6rb73sc.jpg,1175
3633,,,eaf80ad1-2146-300f-0a64-aa5fc5fea2c3,485,piioqv7j0lyb3mrvweys,//images.igdb.com/igdb/image/upload/t_thumb/piioqv7j0lyb3mrvweys.jpg,324
3644,,,62d0bba1-2af0-c52e-12c9-19075c0db846,993,nimlrkhzhxl8lmgrrrgi,//images.igdb.com/igdb/image/upload/t_thumb/nimlrkhzhxl8lmgrrrgi.jpg,794
3645,,,215d49c4-9b03-4948-7f81-eaae62fd8d75,576,umud1ev6h4wokesmt80x,//images.igdb.com/igdb/image/upload/t_thumb/umud1ev6h4wokesmt80x.jpg,434
3646,,,7af79228-4473-eb8c-7d39-082db06d63d0,470,lcntuokqvssvgmkbgqtj,//images.igdb.com/igdb/image/upload/t_thumb/lcntuokqvssvgmkbgqtj.jpg,341
3649,,,624bf094-ffa1-9000-f9ad-148e335a1b0c,506,e1du3dmaitikgdrxail0,//images.igdb.com/igdb/image/upload/t_thumb/e1du3dmaitikgdrxail0.jpg,458
3653,,,eeb03c6d-c4c3-f908-04c8-9ac3db57a31d,460,j2il47dn13pgw7axkuni,//images.igdb.com/igdb/image/upload/t_thumb/j2il47dn13pgw7axkuni.jpg,341
3666,,,aad26284-26f0-8f77-025c-015068ffbf6a,564,xuqkj2mcv4bpet84gm7k,//images.igdb.com/igdb/image/upload/t_thumb/xuqkj2mcv4bpet84gm7k.jpg,379
3671,,,9d69d0ef-a466-a92d-2dcd-f13122cba63a,563,cbmtrmdbqafvziv34sbq,//images.igdb.com/igdb/image/upload/t_thumb/cbmtrmdbqafvziv34sbq.jpg,433
3685,,,a01c82b4-fde7-d24d-76d9-ebd6a5785add,391,ovhviyrk7wi3dqcge6m0,//images.igdb.com/igdb/image/upload/t_thumb/ovhviyrk7wi3dqcge6m0.jpg,288
3691,,,c347e750-d1b4-54e9-880d-2549b296803b,623,sqwmm8d3kgrrgso3m2px,//images.igdb.com/igdb/image/upload/t_thumb/sqwmm8d3kgrrgso3m2px.jpg,441
3699,,,2820940b-868d-2efb-7f2c-c28ee7d5d2e1,1024,hfnyqcpqux5oa38umxuk,//images.igdb.com/igdb/image/upload/t_thumb/hfnyqcpqux5oa38umxuk.jpg,790
3702,,,ff3e810c-fe08-003a-8250-c82a6078331f,517,bftymofmpkrayeggpj7y,//images.igdb.com/igdb/image/upload/t_thumb/bftymofmpkrayeggpj7y.jpg,393
3716,,,f377f33b-d04a-deec-6b1c-ac0f576f5d07,2048,tkt911p2j6ztfjk67pu3,//images.igdb.com/igdb/image/upload/t_thumb/tkt911p2j6ztfjk67pu3.jpg,2048
3725,,,d93d74a4-3eda-701b-539d-9e0b5b450bca,3412,ize32oinfmap8jdv99pg,//images.igdb.com/igdb/image/upload/t_thumb/ize32oinfmap8jdv99pg.jpg,2284
3764,,,885969a4-e9b3-5e4d-84eb-56edec053fe2,615,edejzvxucnhf3vklbxqe,//images.igdb.com/igdb/image/upload/t_thumb/edejzvxucnhf3vklbxqe.jpg,268
3765,,,ec115f1c-9d4d-2760-78ff-e0dbc6b31a0e,1234,ok9whyfiguoukcoghito,//images.igdb.com/igdb/image/upload/t_thumb/ok9whyfiguoukcoghito.jpg,844
3774,,,683e9e72-38e1-5347-dec2-fba4c1464450,1367,rjnvgdl0aifmjrtrjgj9,//images.igdb.com/igdb/image/upload/t_thumb/rjnvgdl0aifmjrtrjgj9.jpg,418
3787,,,e10a62d3-5efe-b18f-2956-baaf4a4f9641,1085,udvhypxft3utvy24dwxq,//images.igdb.com/igdb/image/upload/t_thumb/udvhypxft3utvy24dwxq.jpg,989
3790,,,651e7d12-1912-cb3b-fbe7-fa3faaa1d52b,4072,kkf2t9woce3br3wbe37r,//images.igdb.com/igdb/image/upload/t_thumb/kkf2t9woce3br3wbe37r.jpg,1411
3823,,,3f122c53-bfd0-89f3-ef9e-dac386f08d3c,426,rysspqfwi9rbxyhklw2f,//images.igdb.com/igdb/image/upload/t_thumb/rysspqfwi9rbxyhklw2f.jpg,295
3831,,,1ce28aae-e988-847f-a9ea-984daaec44d2,771,mymcjsksctj3semxxxpg,//images.igdb.com/igdb/image/upload/t_thumb/mymcjsksctj3semxxxpg.jpg,602
3830,,,e1683475-d74a-b069-b9d2-4fed56c31608,900,ttezlkr75whfvpngob3q,//images.igdb.com/igdb/image/upload/t_thumb/ttezlkr75whfvpngob3q.jpg,600
3833,,,bed130bc-aced-5ad4-fd7a-4d8da0feeb6b,623,hegxwploea8vizo2embo,//images.igdb.com/igdb/image/upload/t_thumb/hegxwploea8vizo2embo.jpg,454
3839,,,37e68317-fc84-85a3-e1a2-c267836a8392,259,fg9veyjmtepylgvmyre9,//images.igdb.com/igdb/image/upload/t_thumb/fg9veyjmtepylgvmyre9.jpg,200
3855,,,41b76330-e2fa-6295-4a9a-325fee7fa0c2,479,z05zuq8qfbqfejtlurjo,//images.igdb.com/igdb/image/upload/t_thumb/z05zuq8qfbqfejtlurjo.jpg,366
3860,False,False,23d7640a-940c-e968-b56b-47b8f5fa1bcb,1450,cm2z8,//images.igdb.com/igdb/image/upload/t_thumb/cm2z8.jpg,900
3856,False,False,8d8fbb02-4323-e7e5-f725-9df7b8aaeaed,960,cm2z4,//images.igdb.com/igdb/image/upload/t_thumb/cm2z4.jpg,611
3862,False,False,62c26535-c7e4-1a45-4d30-a0c27a547a76,323,cm2za,//images.igdb.com/igdb/image/upload/t_thumb/cm2za.jpg,250
3863,True,False,96fffbca-af7e-9c4a-38d3-24f303212c53,226,cm2zb,//images.igdb.com/igdb/image/upload/t_thumb/cm2zb.jpg,200
3867,False,False,bdffe593-38f4-20ef-bf7d-f62d53c124f5,667,cm2zf,//images.igdb.com/igdb/image/upload/t_thumb/cm2zf.jpg,500
3870,True,False,b3029b65-5bbe-dfbb-c903-156140518b6e,574,cm2zi,//images.igdb.com/igdb/image/upload/t_thumb/cm2zi.jpg,403
3880,False,False,51e6be2a-14d0-f79e-cc72-f8a4df1f4a84,667,cm2zs,//images.igdb.com/igdb/image/upload/t_thumb/cm2zs.jpg,500
3874,True,False,1eaf553c-c06a-b124-8e0a-49caf8b2fd5c,714,cm2zm,//images.igdb.com/igdb/image/upload/t_thumb/cm2zm.jpg,552
3491,,,0d177ecd-9334-128f-586c-c7ab8a02d5fa,321,jfisdrxsrdewyre5rquq,//images.igdb.com/igdb/image/upload/t_thumb/jfisdrxsrdewyre5rquq.jpg,280
3875,False,False,f2f6c96f-21a8-45ec-c769-5a66a64f247b,667,cm2zn,//images.igdb.com/igdb/image/upload/t_thumb/cm2zn.jpg,500
3883,False,False,353edc16-c9f2-308c-6662-5face36a0706,667,cm2zv,//images.igdb.com/igdb/image/upload/t_thumb/cm2zv.jpg,500
3514,,,142f3edd-be48-2c61-b392-72a061506836,393,l3n0zuklmgkloi1udslt,//images.igdb.com/igdb/image/upload/t_thumb/l3n0zuklmgkloi1udslt.jpg,339
3510,,,0080d140-2a24-6304-865e-3783bf72449b,338,eqxaecy6e3ibtvrtprbe,//images.igdb.com/igdb/image/upload/t_thumb/eqxaecy6e3ibtvrtprbe.jpg,220
3531,,,8b84bf2e-2825-069e-8347-36279cd54eac,384,jtmtvhwyolesyet0xjjf,//images.igdb.com/igdb/image/upload/t_thumb/jtmtvhwyolesyet0xjjf.jpg,384
3687,,,1b36a77a-e902-6783-59b9-07bb61f9ad97,876,u8frqpifd1dvupzzbebj,//images.igdb.com/igdb/image/upload/t_thumb/u8frqpifd1dvupzzbebj.jpg,658
3777,,,82fc1ac2-dae2-4e21-c836-7a44b0e358df,1892,iojqp84voburtdnqqcbq,//images.igdb.com/igdb/image/upload/t_thumb/iojqp84voburtdnqqcbq.jpg,774
3560,,,f4b5c0d8-c8b3-6739-ce3e-63f1d02693fa,610,vsljodd573c7kdcwr8wu,//images.igdb.com/igdb/image/upload/t_thumb/vsljodd573c7kdcwr8wu.jpg,464
3562,,,a3e74609-cb36-28f8-883b-de0ca67ad381,750,s3kw6gqa4mm23p3qfbdy,//images.igdb.com/igdb/image/upload/t_thumb/s3kw6gqa4mm23p3qfbdy.jpg,789
3564,,,e4fbec02-8d44-8401-2a8f-8ae95d933a6c,338,t0q8uxavnqtwtavmkdf6,//images.igdb.com/igdb/image/upload/t_thumb/t0q8uxavnqtwtavmkdf6.jpg,219
3577,,,fe5b39f0-edda-f1d4-287b-141ab11c34d7,1498,a0ayqbuqho4a5oifwhxe,//images.igdb.com/igdb/image/upload/t_thumb/a0ayqbuqho4a5oifwhxe.jpg,1000
3589,,,b0b8d9ed-e63c-4849-0ae9-725c6fde160d,734,d5ub2qanzkpllkpovcjc,//images.igdb.com/igdb/image/upload/t_thumb/d5ub2qanzkpllkpovcjc.jpg,552
3595,,,f999d18e-db72-0e82-12be-7225474c9e2a,500,ghtcts7vcdp5wpuvpdye,//images.igdb.com/igdb/image/upload/t_thumb/ghtcts7vcdp5wpuvpdye.jpg,395
3596,,,3a045e94-a109-9c5c-8706-9cff897f3088,600,nccoer1nqjxrlemlpbyx,//images.igdb.com/igdb/image/upload/t_thumb/nccoer1nqjxrlemlpbyx.jpg,600
3537,,,4ae79bce-54ff-eaef-a79d-2737b20b7470,471,y6udzcvoz4galvi8knfh,//images.igdb.com/igdb/image/upload/t_thumb/y6udzcvoz4galvi8knfh.jpg,471
3612,,,af50562c-eed5-ad2d-821b-5d4670f4b550,351,hlgty8isogk4xhg4bzwt,//images.igdb.com/igdb/image/upload/t_thumb/hlgty8isogk4xhg4bzwt.jpg,351
3618,,,08768b50-25d8-5aca-9769-9428e63c901b,699,wobpuwvef98qw2qym4uf,//images.igdb.com/igdb/image/upload/t_thumb/wobpuwvef98qw2qym4uf.jpg,541
3625,,,4c246cd8-688e-5e82-dc0c-2cd90e8b5af3,638,wlfkl62gk1ep48neep7a,//images.igdb.com/igdb/image/upload/t_thumb/wlfkl62gk1ep48neep7a.jpg,483
3639,,,2928373c-bdc5-9ab4-a64d-7e6780f79d0c,900,cmilshrik0fahknuos6r,//images.igdb.com/igdb/image/upload/t_thumb/cmilshrik0fahknuos6r.jpg,742
3641,,,2a3beac5-d810-b59f-43d0-22a2422178bb,592,cilvaie3pz4iuoowwqwp,//images.igdb.com/igdb/image/upload/t_thumb/cilvaie3pz4iuoowwqwp.jpg,445
3657,,,a15052eb-67ae-6e38-07bb-54eed9b85127,408,o1612kvfto7sih0v2dpn,//images.igdb.com/igdb/image/upload/t_thumb/o1612kvfto7sih0v2dpn.jpg,303
3661,,,ab5a6216-7b04-308c-1e7b-f8ede2591327,527,lbvhmohclyguop7hypgl,//images.igdb.com/igdb/image/upload/t_thumb/lbvhmohclyguop7hypgl.jpg,391
3681,,,da1f638d-7c98-61df-27c6-de358b8f1a9c,506,f3taw6rmmjngcoevrddi,//images.igdb.com/igdb/image/upload/t_thumb/f3taw6rmmjngcoevrddi.jpg,334
3683,,,d8dbcb53-6a2e-0475-0d71-dddcf56d6fba,400,gnywmcua6bpyarqpcpjt,//images.igdb.com/igdb/image/upload/t_thumb/gnywmcua6bpyarqpcpjt.jpg,322
3684,,,60fa71b7-554c-6609-5f92-a80fe1120e56,464,ykc8gpodl2wzzpolrua1,//images.igdb.com/igdb/image/upload/t_thumb/ykc8gpodl2wzzpolrua1.jpg,325
3689,,,f978336d-1662-7dc3-22fb-461d3ca99f30,602,u3xzlhr9hmd018cm8bev,//images.igdb.com/igdb/image/upload/t_thumb/u3xzlhr9hmd018cm8bev.jpg,446
3692,,,b96e1df3-1fab-64ec-4e1c-cf1c317fa246,1080,t23zjj6ixuqasqtqvuvl,//images.igdb.com/igdb/image/upload/t_thumb/t23zjj6ixuqasqtqvuvl.jpg,838
3704,,,52847d51-d40c-ff42-6472-b4f957b4b8ca,300,lgqljgwfluo1x9iqxajx,//images.igdb.com/igdb/image/upload/t_thumb/lgqljgwfluo1x9iqxajx.jpg,200
3709,,,efe67cf2-5f23-7b78-f9be-462e832e09cb,2048,pv1autnouhisgnthxtxu,//images.igdb.com/igdb/image/upload/t_thumb/pv1autnouhisgnthxtxu.jpg,2048
3744,,,14472dd4-3406-c653-5f87-044b5685f0ac,1100,n1lz3r4vemkyablkth37,//images.igdb.com/igdb/image/upload/t_thumb/n1lz3r4vemkyablkth37.jpg,800
3746,,,b77929c8-db34-c7e6-3d54-1843e83bc7fd,475,kffuwzwwlyhamwkp9ray,//images.igdb.com/igdb/image/upload/t_thumb/kffuwzwwlyhamwkp9ray.jpg,205
3752,,,dc04e374-7b2c-d814-0e26-4e149add4c37,799,mxohgvndullxzu3dene2,//images.igdb.com/igdb/image/upload/t_thumb/mxohgvndullxzu3dene2.jpg,437
3762,,,a454d4f7-07ac-81f6-4ed9-8af3209b8efc,967,ak5yzxhcgvnndiuuxsm9,//images.igdb.com/igdb/image/upload/t_thumb/ak5yzxhcgvnndiuuxsm9.jpg,317
3775,,,a93ef0da-e9d2-7bc1-4c35-54e5bd19a13e,3828,nvqmd0i8hmoom28cs39h,//images.igdb.com/igdb/image/upload/t_thumb/nvqmd0i8hmoom28cs39h.jpg,2020
3794,,,2c9935b2-7996-e455-3435-2226dc828032,2134,dsmzmltdv5mcltu1c9h3,//images.igdb.com/igdb/image/upload/t_thumb/dsmzmltdv5mcltu1c9h3.jpg,1488
3557,,,6b900760-89fb-246e-2969-45bcc68813c7,589,taiuchtpe7ehjsvx3gbj,//images.igdb.com/igdb/image/upload/t_thumb/taiuchtpe7ehjsvx3gbj.jpg,446
3807,,,90dc832c-ad2f-f1c6-d61a-f67ec15e27f8,1202,dccoxrfame7kdkfi7hoi,//images.igdb.com/igdb/image/upload/t_thumb/dccoxrfame7kdkfi7hoi.jpg,755
3811,,,10b38b74-e9b7-879f-3293-2f912f0ac2bb,1050,jec1fydhokwngsgfypix,//images.igdb.com/igdb/image/upload/t_thumb/jec1fydhokwngsgfypix.jpg,768
3568,,,a0b1b228-0020-34bc-ff30-1b051bcbda7c,1025,trth4csyfdrlqywg96ue,//images.igdb.com/igdb/image/upload/t_thumb/trth4csyfdrlqywg96ue.jpg,1051
3824,,,0e612e95-1708-b3de-981c-db350eed808c,444,mmprm5wqwwno0veqiqhw,//images.igdb.com/igdb/image/upload/t_thumb/mmprm5wqwwno0veqiqhw.jpg,480
3832,,,d827e048-8fd1-9e7b-742c-1b186430318f,623,azepiax0mizumioxbb8t,//images.igdb.com/igdb/image/upload/t_thumb/azepiax0mizumioxbb8t.jpg,454
3837,,,2cc345fa-e2e7-cc52-528e-1c73c67ba9de,308,yrdhbindmfzwuewwjwng,//images.igdb.com/igdb/image/upload/t_thumb/yrdhbindmfzwuewwjwng.jpg,300
3838,,,e17313e3-fd79-dbf9-17d3-bd013ab2175d,1080,dwxdcqu80xrrdnsa9mxp,//images.igdb.com/igdb/image/upload/t_thumb/dwxdcqu80xrrdnsa9mxp.jpg,1920
3850,,,f09cc8fc-8a0c-d11d-51d8-810bed63d30d,711,lt0dqeuxzqeum4kfusat,//images.igdb.com/igdb/image/upload/t_thumb/lt0dqeuxzqeum4kfusat.jpg,697
3852,,,29b9f4fe-5405-0740-abb2-57dd5e8f7172,807,sdmb6hrmriv5qaq0s2ot,//images.igdb.com/igdb/image/upload/t_thumb/sdmb6hrmriv5qaq0s2ot.jpg,807
3844,,,aba21006-0777-84cf-b0f6-d7b769fdf5b8,799,o19hpyobzv0vbjcebokj,//images.igdb.com/igdb/image/upload/t_thumb/o19hpyobzv0vbjcebokj.jpg,661
3845,,,e030d955-2a47-287d-8b6f-8e5434ccd692,1597,orkah9z2s0l7tr8hufyt,//images.igdb.com/igdb/image/upload/t_thumb/orkah9z2s0l7tr8hufyt.jpg,1292
3858,True,False,d398f194-43bb-4a10-3547-9ce72993b886,530,cm2z6,//images.igdb.com/igdb/image/upload/t_thumb/cm2z6.jpg,758
3857,False,False,5d7dd0a5-f0eb-2029-fb59-6ecf29390173,400,cm2z5,//images.igdb.com/igdb/image/upload/t_thumb/cm2z5.jpg,400
3864,False,False,b385dbeb-e79b-efef-6433-95caaab04aad,667,cm2zc,//images.igdb.com/igdb/image/upload/t_thumb/cm2zc.jpg,500
3871,False,False,73daeb5a-40f8-7327-0837-454cf246173e,667,cm2zj,//images.igdb.com/igdb/image/upload/t_thumb/cm2zj.jpg,500
3493,,,2b5ad8fc-56fd-3b9b-ed77-49952eeb1781,1802,vw3m8akuthikf4fuuwcw,//images.igdb.com/igdb/image/upload/t_thumb/vw3m8akuthikf4fuuwcw.jpg,1104
3885,False,False,f13ed09e-2597-abb0-b1e3-3fbf058f385c,667,cm2zx,//images.igdb.com/igdb/image/upload/t_thumb/cm2zx.jpg,500
3494,,,5b5601cd-fdda-cea4-3e46-5b85048c4bc1,596,ktuwz37vxezdsx0jmgns,//images.igdb.com/igdb/image/upload/t_thumb/ktuwz37vxezdsx0jmgns.jpg,486
3886,False,False,ef10c885-0dc3-c40e-c12a-ad896fcf401e,72,cm2zy,//images.igdb.com/igdb/image/upload/t_thumb/cm2zy.jpg,87
3516,,,8926951e-1b53-bf3b-9b3d-1285b814fffe,1132,qvngarxtfyftikoiiwdg,//images.igdb.com/igdb/image/upload/t_thumb/qvngarxtfyftikoiiwdg.jpg,706
3509,,,9b262317-e444-6e95-b220-5ccacdb9308a,1561,rsophahx25coyrriu3mj,//images.igdb.com/igdb/image/upload/t_thumb/rsophahx25coyrriu3mj.jpg,1467
3529,,,67d51e02-b2a0-8697-75e8-97df6c7bf0a2,1367,gxtpxpafvb7yyyed4iqd,//images.igdb.com/igdb/image/upload/t_thumb/gxtpxpafvb7yyyed4iqd.jpg,516
3726,,,d36511a5-71b7-d9ae-c948-9eb69ba4acab,1080,rrppspvfaare5sdwyyrj,//images.igdb.com/igdb/image/upload/t_thumb/rrppspvfaare5sdwyyrj.jpg,822
3602,,,a8d5dad4-305b-31cb-3042-ed2cb6b7e8e4,522,ajcbxizkdxheybqrzslr,//images.igdb.com/igdb/image/upload/t_thumb/ajcbxizkdxheybqrzslr.jpg,250
3628,,,cd43a4a9-3554-180d-d09f-032783dcbe81,2149,jon6bfuyl3v85vwjnreh,//images.igdb.com/igdb/image/upload/t_thumb/jon6bfuyl3v85vwjnreh.jpg,1584
3629,,,05aa52ce-ec6a-ae94-ce13-efd35fcf0442,426,kfrtejgmdn502jommmx6,//images.igdb.com/igdb/image/upload/t_thumb/kfrtejgmdn502jommmx6.jpg,324
3635,,,49c79b53-0c6b-7f47-21da-f150d9175e4f,410,v4fp1wjhzoadflpdkozj,//images.igdb.com/igdb/image/upload/t_thumb/v4fp1wjhzoadflpdkozj.jpg,303
3642,,,7b9980a5-0c1d-dbdf-0a58-845c978f862e,1004,mxnde0pvpyinuyn1zfgm,//images.igdb.com/igdb/image/upload/t_thumb/mxnde0pvpyinuyn1zfgm.jpg,710
3675,,,ece150b2-dce4-250b-3837-1639f326ca63,509,qlyjehdyfq0svchvj7kx,//images.igdb.com/igdb/image/upload/t_thumb/qlyjehdyfq0svchvj7kx.jpg,468
3679,,,e0eeac68-1971-91a6-4f08-51f82d8747d7,453,dmddawddoglsbrelpabm,//images.igdb.com/igdb/image/upload/t_thumb/dmddawddoglsbrelpabm.jpg,344
3708,,,63f49bf2-65ee-65e6-9807-875873f031f4,767,wdzwxbsthhhikl918ymr,//images.igdb.com/igdb/image/upload/t_thumb/wdzwxbsthhhikl918ymr.jpg,766
3713,,,a02348df-fa4c-e35b-84f6-24d6d8cc6345,2048,pw13nhuorujj9huhktng,//images.igdb.com/igdb/image/upload/t_thumb/pw13nhuorujj9huhktng.jpg,2048
3718,,,5403e971-7937-618a-e972-16f960ae6ca4,2048,aij88vdtmvcpntavfwbb,//images.igdb.com/igdb/image/upload/t_thumb/aij88vdtmvcpntavfwbb.jpg,2048
3733,,,43b37255-8ce3-4e20-8432-ac8ae171dd45,1712,jc6o4gnoh9cpr888fbom,//images.igdb.com/igdb/image/upload/t_thumb/jc6o4gnoh9cpr888fbom.jpg,1876
3735,,,eff39e02-c6b2-e84a-4c53-743e56a3aa05,1892,psrxth1q9jaw6o2inuxw,//images.igdb.com/igdb/image/upload/t_thumb/psrxth1q9jaw6o2inuxw.jpg,1224
3740,,,a663e282-8058-a74a-a685-cffc96ea751f,1084,dfch4qr940qjsdcf1vhl,//images.igdb.com/igdb/image/upload/t_thumb/dfch4qr940qjsdcf1vhl.jpg,685
3742,,,53e5cb7f-39fc-81fb-9d5e-64ae4d4fdba1,920,xfdedisodjhuujixhjwz,//images.igdb.com/igdb/image/upload/t_thumb/xfdedisodjhuujixhjwz.jpg,800
3749,,,9d55e162-4d66-510a-4331-ce333ad2b436,452,kydrbmpjajduqbjrmg7u,//images.igdb.com/igdb/image/upload/t_thumb/kydrbmpjajduqbjrmg7u.jpg,293
3753,,,05613fc9-a34e-956f-a18d-c56a60aca15a,1759,u3wddae7y6faxamrpoty,//images.igdb.com/igdb/image/upload/t_thumb/u3wddae7y6faxamrpoty.jpg,711
3757,,,11c9dea2-63c8-f5e3-3aef-1739f73590c4,2252,ih2ey8d0y66orat7tmuy,//images.igdb.com/igdb/image/upload/t_thumb/ih2ey8d0y66orat7tmuy.jpg,1061
3760,,,cbd637e5-870a-0a0e-c6b5-71e435c66c7a,664,g0tg6ki63fmosh3aj4ji,//images.igdb.com/igdb/image/upload/t_thumb/g0tg6ki63fmosh3aj4ji.jpg,234
3763,,,350f301f-9d1e-6947-797b-3f5ef53ada5d,707,jlzuiw93jxoyfa0oare7,//images.igdb.com/igdb/image/upload/t_thumb/jlzuiw93jxoyfa0oare7.jpg,243
3793,,,8ccc8a6e-1c15-b104-bb52-2efbe591abc7,3820,rmxxsp8zptg2wlsjwmpj,//images.igdb.com/igdb/image/upload/t_thumb/rmxxsp8zptg2wlsjwmpj.jpg,2244
3796,,,025612e0-0ba3-9e9f-4890-f45a19e10d33,1263,uliq6f3ogxffiiamwwyu,//images.igdb.com/igdb/image/upload/t_thumb/uliq6f3ogxffiiamwwyu.jpg,1040
3805,,,dce8847b-6af4-748c-990c-a61afc42909f,1816,k0utdgub5yhfjkmpk90d,//images.igdb.com/igdb/image/upload/t_thumb/k0utdgub5yhfjkmpk90d.jpg,1058
3809,,,4c7277bc-3781-a663-49fb-ee41f68e5570,240,iulaexoricw4hbspaty4,//images.igdb.com/igdb/image/upload/t_thumb/iulaexoricw4hbspaty4.jpg,232
3812,,,7490e861-1f79-86bb-9540-625734edaabb,992,uhyat4iaflnxlzcdfxip,//images.igdb.com/igdb/image/upload/t_thumb/uhyat4iaflnxlzcdfxip.jpg,800
3817,,,031f6f01-e080-afb0-5eea-76863906c3d4,1100,ix6i4tlrnglgpqcl2whv,//images.igdb.com/igdb/image/upload/t_thumb/ix6i4tlrnglgpqcl2whv.jpg,1920
3818,,,0c7e2053-500d-bd4f-f2fd-7c30a8eecb2c,834,kl5irzci1bj4ymvnzhjl,//images.igdb.com/igdb/image/upload/t_thumb/kl5irzci1bj4ymvnzhjl.jpg,600
3825,,,b8a2899d-35e9-73bf-ecd7-93370701713d,426,lwg0t3tksxvj9albid8n,//images.igdb.com/igdb/image/upload/t_thumb/lwg0t3tksxvj9albid8n.jpg,345
3826,,,28aa811b-cbbf-9ac9-5e84-519053d17040,900,sg1qam8sbjulfz1midij,//images.igdb.com/igdb/image/upload/t_thumb/sg1qam8sbjulfz1midij.jpg,600
3835,,,1916a32a-af25-918c-02fc-cc12b633374e,675,e4zcbtbbtgnqeyphu8xv,//images.igdb.com/igdb/image/upload/t_thumb/e4zcbtbbtgnqeyphu8xv.jpg,1200
3828,,,c44f35ba-88cb-6735-7eb1-2b965ce574c4,623,tjuqmt298l3kruogmmft,//images.igdb.com/igdb/image/upload/t_thumb/tjuqmt298l3kruogmmft.jpg,454
3840,,,a802fd95-4b42-b43c-2391-c6293d48f6fb,800,wwplxoylkcdmq8myzt0k,//images.igdb.com/igdb/image/upload/t_thumb/wwplxoylkcdmq8myzt0k.jpg,654
3841,,,5dbc055a-7752-82c1-2e44-ef1275badc9c,601,mifcrqjsjhjom9qkhsxp,//images.igdb.com/igdb/image/upload/t_thumb/mifcrqjsjhjom9qkhsxp.jpg,998
3846,,,7e11c413-6e23-2bfd-23a0-e4ad8f6929fc,806,eryklcdzseiirhy67xfu,//images.igdb.com/igdb/image/upload/t_thumb/eryklcdzseiirhy67xfu.jpg,1266
98,,,acd7ea97-4162-9697-6092-bb425e310b66,376,umzp81wtz8bzfaghapua,//images.igdb.com/igdb/image/upload/t_thumb/umzp81wtz8bzfaghapua.jpg,550
3492,,,f13e5bb6-eb7d-1b3b-2bda-40981eb51d24,348,qednsla74xmxqxmkuisg,//images.igdb.com/igdb/image/upload/t_thumb/qednsla74xmxqxmkuisg.jpg,350
3500,,,f977d3b6-d4d9-479d-20d7-04d19f9304ae,363,kv1yt68ykzij59fs9yhu,//images.igdb.com/igdb/image/upload/t_thumb/kv1yt68ykzij59fs9yhu.jpg,386
3515,,,8e4ec945-6266-543f-c0db-7d959c1557ac,642,lnozdao4v2rzjbpvatfx,//images.igdb.com/igdb/image/upload/t_thumb/lnozdao4v2rzjbpvatfx.jpg,506
3508,,,a868a686-373c-a065-6cce-11b8dd0d7329,800,pc7nod3j0g4my3qthwqy,//images.igdb.com/igdb/image/upload/t_thumb/pc7nod3j0g4my3qthwqy.jpg,690
3518,,,ba24a41a-98c2-24cd-1cef-7b38ad0095be,822,vsh0q2nugffxgt6r0dxz,//images.igdb.com/igdb/image/upload/t_thumb/vsh0q2nugffxgt6r0dxz.jpg,684
3888,False,False,1c57d7ae-d87f-5444-3047-0eeae19bcc1c,148,cm300,//images.igdb.com/igdb/image/upload/t_thumb/cm300.jpg,130
3890,False,False,23e28470-5e96-1595-e3cb-5808b42880ba,688,cm302,//images.igdb.com/igdb/image/upload/t_thumb/cm302.jpg,516
3891,False,False,f6a7fbb4-9b01-86a5-e8a5-1bcbaf9d4c47,534,cm303,//images.igdb.com/igdb/image/upload/t_thumb/cm303.jpg,950
3892,False,False,95501213-c7d1-2047-b637-0d8cd395ae3a,498,cm304,//images.igdb.com/igdb/image/upload/t_thumb/cm304.jpg,543
3893,False,False,d74d09ac-9203-fa33-8a1a-179ccecef8e3,675,cm305,//images.igdb.com/igdb/image/upload/t_thumb/cm305.jpg,1200
3895,True,False,63147eab-55ad-ce8f-e806-f0e9494efd01,653,cm307,//images.igdb.com/igdb/image/upload/t_thumb/cm307.jpg,400
3896,False,False,9040e547-9780-4044-949a-036dd7fb2be2,536,cm308,//images.igdb.com/igdb/image/upload/t_thumb/cm308.jpg,960
3897,True,False,e666adcd-e149-9048-3a7d-80535840d6ee,570,cm309,//images.igdb.com/igdb/image/upload/t_thumb/cm309.jpg,271
3899,False,False,99108633-9d4c-8cad-a105-290b72925f1a,1274,cm30b,//images.igdb.com/igdb/image/upload/t_thumb/cm30b.jpg,848
3898,False,False,4073c562-929d-e488-fff5-331a897ec9d4,604,cm30a,//images.igdb.com/igdb/image/upload/t_thumb/cm30a.jpg,505
3900,True,False,0c650571-40ac-a3bc-d354-50b10d661157,466,cm30c,//images.igdb.com/igdb/image/upload/t_thumb/cm30c.jpg,310
3738,,,474cd18b-d2ea-4656-ed9a-c5d86d04b56c,892,pqldrf2n6gsnbjrx6m5f,//images.igdb.com/igdb/image/upload/t_thumb/pqldrf2n6gsnbjrx6m5f.jpg,371
3783,,,e2f400ef-d561-6d47-0d62-f5ad59cfd4fa,3135,zmu55vagviqzohc6h1fv,//images.igdb.com/igdb/image/upload/t_thumb/zmu55vagviqzohc6h1fv.jpg,2326
3690,,,adbcfb23-7f4d-353c-1d83-9a8771b883e2,874,x0nkih0myyzcnahhkmuc,//images.igdb.com/igdb/image/upload/t_thumb/x0nkih0myyzcnahhkmuc.jpg,622
3552,,,66c80fb5-33ea-e3f3-1792-05e9cdb77605,1070,x8dvko1lp7rqv3bx3rpr,//images.igdb.com/igdb/image/upload/t_thumb/x8dvko1lp7rqv3bx3rpr.jpg,513
3553,,,7094e2bc-78f7-337c-14b6-19cbcf52dc22,334,z47kjfgoejf5abuey8be,//images.igdb.com/igdb/image/upload/t_thumb/z47kjfgoejf5abuey8be.jpg,250
3567,,,17a29437-ff4b-f705-e1c2-e6dcc09b1609,1080,hjxfr8b3okgxqzfbobmg,//images.igdb.com/igdb/image/upload/t_thumb/hjxfr8b3okgxqzfbobmg.jpg,828
3569,,,272981cc-7ce6-5375-4e03-e7e3e9bd08fa,257,jmb9be7butz7ebrvetpk,//images.igdb.com/igdb/image/upload/t_thumb/jmb9be7butz7ebrvetpk.jpg,196
3570,,,96cf369d-62a2-2a27-3531-c61a928d59ec,288,e13oymbfe1sktcvohi32,//images.igdb.com/igdb/image/upload/t_thumb/e13oymbfe1sktcvohi32.jpg,277
3574,,,1c0ebed3-116a-af46-051f-c325bc578a93,500,box4tyjg44pmxgblykfx,//images.igdb.com/igdb/image/upload/t_thumb/box4tyjg44pmxgblykfx.jpg,330
3575,,,6c2b7c8b-8b4d-05e2-b036-e3798278771d,1900,zcbg2gnfm7h79itecgvm,//images.igdb.com/igdb/image/upload/t_thumb/zcbg2gnfm7h79itecgvm.jpg,1221
3576,,,51e21579-1e79-e140-ebd9-647efde1580e,301,o8wh1u5ta1cfyerpc9gs,//images.igdb.com/igdb/image/upload/t_thumb/o8wh1u5ta1cfyerpc9gs.jpg,193
4017,False,False,f99507c0-5a32-b96b-ee81-da71c80a8536,900,cm33l,//images.igdb.com/igdb/image/upload/t_thumb/cm33l.jpg,800
3578,,,15936c5a-d8eb-5259-f68a-0ba7977b96ce,300,varhw2vy19huz8rvaaqc,//images.igdb.com/igdb/image/upload/t_thumb/varhw2vy19huz8rvaaqc.jpg,300
3584,,,c4e97f9e-ed33-7bbb-36c0-8402e4fb7fc3,720,ix7stqkjoppmwkplzjhb,//images.igdb.com/igdb/image/upload/t_thumb/ix7stqkjoppmwkplzjhb.jpg,1280
3591,,,0194ded1-13f2-d3cf-8d90-7d5f64b4484c,411,fjmnvzvbvocihgzrzvyw,//images.igdb.com/igdb/image/upload/t_thumb/fjmnvzvbvocihgzrzvyw.jpg,321
3603,,,f7179e96-c1d3-3189-ee3e-21214f9953b5,2905,s8wqecoh12t2xssc4qln,//images.igdb.com/igdb/image/upload/t_thumb/s8wqecoh12t2xssc4qln.jpg,2052
3604,,,21c517d6-d829-362a-d325-15e9db9711c1,493,ieqfdtera9perewgms1h,//images.igdb.com/igdb/image/upload/t_thumb/ieqfdtera9perewgms1h.jpg,260
3609,,,f13bb13d-2425-61c1-670c-4f52762f8d23,320,omdwoqsp2jatudfkc56o,//images.igdb.com/igdb/image/upload/t_thumb/omdwoqsp2jatudfkc56o.jpg,320
3610,,,300ecdf3-6517-b016-df1d-99c2edabafdf,342,en4cfusepgaamwz5rkym,//images.igdb.com/igdb/image/upload/t_thumb/en4cfusepgaamwz5rkym.jpg,342
3566,,,af92968d-775c-09b1-3279-30a4d58fd192,1121,bxsmrr4uebv98n8nsqlq,//images.igdb.com/igdb/image/upload/t_thumb/bxsmrr4uebv98n8nsqlq.jpg,720
3647,,,1fc692b2-2543-aed6-6ac2-35eb5eb914b8,641,ybrekubgfdqq5er4zo6m,//images.igdb.com/igdb/image/upload/t_thumb/ybrekubgfdqq5er4zo6m.jpg,441
3676,,,948baccb-a775-9a0f-de10-8def2e236bba,814,we466tbbyhg7s8b4mvxe,//images.igdb.com/igdb/image/upload/t_thumb/we466tbbyhg7s8b4mvxe.jpg,603
3682,,,3ebda009-d274-d9d6-c185-80ce2b20fe5e,424,nroy9ceyha6zrzxwvpgv,//images.igdb.com/igdb/image/upload/t_thumb/nroy9ceyha6zrzxwvpgv.jpg,325
3720,,,3473aa60-1d29-a836-0be1-ebb1e811aab5,2048,lvuyuvl0ewyays1l2hje,//images.igdb.com/igdb/image/upload/t_thumb/lvuyuvl0ewyays1l2hje.jpg,2048
3721,,,9e424868-443b-de74-73bb-bb4680937f46,1024,va7wxi49mz82cfducxd8,//images.igdb.com/igdb/image/upload/t_thumb/va7wxi49mz82cfducxd8.jpg,512
3728,,,8fa11c99-6923-f2f8-33a4-88471889ff6e,3620,c3gadgechveoa3vigho4,//images.igdb.com/igdb/image/upload/t_thumb/c3gadgechveoa3vigho4.jpg,1320
3743,,,4aa8f417-5c7f-acf6-4c48-991d65a4695f,487,ketffy9fliq0zb2v2isq,//images.igdb.com/igdb/image/upload/t_thumb/ketffy9fliq0zb2v2isq.jpg,337
3750,,,f590b4b6-1e09-f823-4eac-2fe0344f7753,1100,hpab5ge1ro4ly7yk6hdq,//images.igdb.com/igdb/image/upload/t_thumb/hpab5ge1ro4ly7yk6hdq.jpg,800
3751,,,08235049-85da-80ff-f40e-57574853e4bc,968,stncmg8g9zq1eoybmlno,//images.igdb.com/igdb/image/upload/t_thumb/stncmg8g9zq1eoybmlno.jpg,460
3756,,,bcf30cba-b28a-430c-42b7-55b3a4d79738,1018,bfexuo33zrkt9qipq6km,//images.igdb.com/igdb/image/upload/t_thumb/bfexuo33zrkt9qipq6km.jpg,247
3771,,,3bd17575-6c0b-02f9-b4e3-cfae3888c99e,447,zrbtld8pjyxedhanu11b,//images.igdb.com/igdb/image/upload/t_thumb/zrbtld8pjyxedhanu11b.jpg,264
3776,,,cc1f22f4-217b-55c4-2846-a2a8d1abe2f7,990,uzlzycdg7ejzwa5iodap,//images.igdb.com/igdb/image/upload/t_thumb/uzlzycdg7ejzwa5iodap.jpg,608
3792,,,0068081c-cd89-2aec-3552-db1aec2ce266,3232,ermyjju1jwmhpqeadpy3,//images.igdb.com/igdb/image/upload/t_thumb/ermyjju1jwmhpqeadpy3.jpg,2660
3797,,,7198e6d4-8b79-f269-e46c-5f4b9ed74ef2,2576,wclubhby76asvuhz1nmg,//images.igdb.com/igdb/image/upload/t_thumb/wclubhby76asvuhz1nmg.jpg,1142
3802,,,67fe2479-bed4-6911-56ce-8f33ca349f1d,2196,ehsc32mqam9i45618xaf,//images.igdb.com/igdb/image/upload/t_thumb/ehsc32mqam9i45618xaf.jpg,1226
3806,,,f3332b3d-e071-d2c7-f9db-463d7bd4acfc,1336,tnvjve0j86r0s9mmkzzq,//images.igdb.com/igdb/image/upload/t_thumb/tnvjve0j86r0s9mmkzzq.jpg,811
3808,,,3692c051-80da-37c5-e10a-b52fc6a5f8f2,4170,xe0jvcxndidjdnk3ebla,//images.igdb.com/igdb/image/upload/t_thumb/xe0jvcxndidjdnk3ebla.jpg,2387
3810,,,935759c7-6868-e771-5d93-2e47444a32ea,428,pp7sg2zylytachmzyqky,//images.igdb.com/igdb/image/upload/t_thumb/pp7sg2zylytachmzyqky.jpg,150
3819,,,6ef2faae-c28b-42a2-cad8-649396770379,900,h8laz770lk4ixy3askma,//images.igdb.com/igdb/image/upload/t_thumb/h8laz770lk4ixy3askma.jpg,1400
3820,,,f95be560-7834-479e-bcf7-352f013d54f5,480,ilgqsndahl8sjk5navaw,//images.igdb.com/igdb/image/upload/t_thumb/ilgqsndahl8sjk5navaw.jpg,352
3821,,,b3bb455e-3ed7-b42d-e082-fb59039979a5,479,q64bgyomnbk5spyikkex,//images.igdb.com/igdb/image/upload/t_thumb/q64bgyomnbk5spyikkex.jpg,204
3822,,,6dc880b7-992c-8873-fc2d-a60e3c8e1732,580,m6ndjy3s49cp8ugkyegd,//images.igdb.com/igdb/image/upload/t_thumb/m6ndjy3s49cp8ugkyegd.jpg,442
3836,,,2d590c4a-285c-ee79-6cbf-5c2bb83a4ecd,358,lqpi0jih5bzgctbz9dzl,//images.igdb.com/igdb/image/upload/t_thumb/lqpi0jih5bzgctbz9dzl.jpg,358
3843,,,ad2b6757-e596-c5cf-a7d7-328a81979b76,250,byrpf4ukdwochtg7pjlm,//images.igdb.com/igdb/image/upload/t_thumb/byrpf4ukdwochtg7pjlm.jpg,201
3859,True,False,89b088cb-9815-5d19-e525-c316af3385f5,768,cm2z7,//images.igdb.com/igdb/image/upload/t_thumb/cm2z7.jpg,1024
3869,False,False,8c15933a-00ba-7e76-4450-65dbb44844f6,960,cm2zh,//images.igdb.com/igdb/image/upload/t_thumb/cm2zh.jpg,743
94,,,7963be87-23ec-08ec-2749-9ee675aa4515,511,sk6plpvidj43a3ucxeur,//images.igdb.com/igdb/image/upload/t_thumb/sk6plpvidj43a3ucxeur.jpg,524
3511,,,06bfeddc-96b2-167d-0e4a-d9bcc06eb9f8,1662,u1i111hxcexvuk9ihipz,//images.igdb.com/igdb/image/upload/t_thumb/u1i111hxcexvuk9ihipz.jpg,1000
3525,,,ae163e52-16fe-936d-4713-93d2ea852e7c,480,fswgwrnlqrop9ajztwtn,//images.igdb.com/igdb/image/upload/t_thumb/fswgwrnlqrop9ajztwtn.jpg,372
3512,,,6b8f5ece-2ba7-df83-989a-22132fd8f17a,200,dyad0ufdamgsjft6a5a5,//images.igdb.com/igdb/image/upload/t_thumb/dyad0ufdamgsjft6a5a5.jpg,150
3559,,,2a5116a8-315a-ac7c-6f8f-e1c8e04ada6a,327,go7ceafvmbqrzaf8xxxd,//images.igdb.com/igdb/image/upload/t_thumb/go7ceafvmbqrzaf8xxxd.jpg,250
3651,,,70a57b26-74f5-9cdb-620c-040279920c91,442,mj2xdzkcczydcgejivud,//images.igdb.com/igdb/image/upload/t_thumb/mj2xdzkcczydcgejivud.jpg,292
3778,,,1b8c0072-cc3d-55bc-07aa-f982a8109b0d,3706,hylqzr1ycje5ynm1w9cp,//images.igdb.com/igdb/image/upload/t_thumb/hylqzr1ycje5ynm1w9cp.jpg,1225
3780,,,dc29ca2e-3d1f-4a54-4b03-dfbefe1c2ab5,1734,ntdxo2gpbveijw0mofzw,//images.igdb.com/igdb/image/upload/t_thumb/ntdxo2gpbveijw0mofzw.jpg,842
3781,,,874db7a5-1fdb-bf4c-89ef-ecc4f3af0aab,2144,j2p3rxx1vydvgobzx6u7,//images.igdb.com/igdb/image/upload/t_thumb/j2p3rxx1vydvgobzx6u7.jpg,1388
3782,,,e95fedb3-35b8-9770-4a65-b85d9b72f9f5,2944,xzzzp5i2vyebw7u7mm0o,//images.igdb.com/igdb/image/upload/t_thumb/xzzzp5i2vyebw7u7mm0o.jpg,2448
3615,,,1ed16c9d-2e97-8f34-2c95-d00e816a44fa,898,egjunmhvkot1utmeafbn,//images.igdb.com/igdb/image/upload/t_thumb/egjunmhvkot1utmeafbn.jpg,693
3616,,,639235bf-8e38-e4dd-2ce8-0e1d76f38189,803,prmn3hc0cggzpicigbt1,//images.igdb.com/igdb/image/upload/t_thumb/prmn3hc0cggzpicigbt1.jpg,612
3636,,,5a61555c-2e58-7a41-222a-c9bb5e72629d,692,ef6cjj3rcduh9uh2k1kq,//images.igdb.com/igdb/image/upload/t_thumb/ef6cjj3rcduh9uh2k1kq.jpg,506
3650,,,21187a2e-d215-f186-8b48-c9161bf2e1e9,800,bqomucszfziwrr7k7qra,//images.igdb.com/igdb/image/upload/t_thumb/bqomucszfziwrr7k7qra.jpg,600
3652,,,db3e55da-4290-452f-d589-2059906911cf,487,ekjvqfp9grlmih26u8sw,//images.igdb.com/igdb/image/upload/t_thumb/ekjvqfp9grlmih26u8sw.jpg,344
3654,,,4aa03646-6e9c-7392-657b-a0a5684e8a35,438,uddt1zuj3olpzplprpbj,//images.igdb.com/igdb/image/upload/t_thumb/uddt1zuj3olpzplprpbj.jpg,341
3655,,,0c134dcb-6fbd-a718-8745-bb8564a66085,987,e3lothlqoo3vnubrimey,//images.igdb.com/igdb/image/upload/t_thumb/e3lothlqoo3vnubrimey.jpg,742
3656,,,eacde8ab-d7c3-bd72-40c0-274a256d4a1e,473,mcdwaici42hest9pboci,//images.igdb.com/igdb/image/upload/t_thumb/mcdwaici42hest9pboci.jpg,334
3658,,,d010644d-3ffb-f647-e187-fbee10b24d0c,450,sl0fwu2zrnojkidncuiv,//images.igdb.com/igdb/image/upload/t_thumb/sl0fwu2zrnojkidncuiv.jpg,290
3665,,,a86758e3-adce-fa43-14c4-f151639d2924,538,ytptqrnj9ens33aplvex,//images.igdb.com/igdb/image/upload/t_thumb/ytptqrnj9ens33aplvex.jpg,359
3678,,,1383240b-8c8a-bc71-52fc-c6e7ea170b77,428,ib6cimqftnyagpolcrrh,//images.igdb.com/igdb/image/upload/t_thumb/ib6cimqftnyagpolcrrh.jpg,326
3686,,,20c0766b-9e6c-3746-7ec3-59ba1cd510e4,884,sdfis6cudybis4ibn29a,//images.igdb.com/igdb/image/upload/t_thumb/sdfis6cudybis4ibn29a.jpg,569
3694,,,08d8534d-ab83-ef31-ef82-52a3225c10a6,454,dpmybuvigdnm1i6jjj3d,//images.igdb.com/igdb/image/upload/t_thumb/dpmybuvigdnm1i6jjj3d.jpg,363
3695,,,13d19030-9657-b044-9ef7-1858394ec683,435,wiyhny5xfpmeo9txtfqp,//images.igdb.com/igdb/image/upload/t_thumb/wiyhny5xfpmeo9txtfqp.jpg,284
3698,,,933dd716-d046-57eb-4554-b2af7b19238f,767,lngvaibuwwfg5yx2buzj,//images.igdb.com/igdb/image/upload/t_thumb/lngvaibuwwfg5yx2buzj.jpg,560
3700,,,06de8672-1dd9-444c-f6b7-165d5cf65c5c,739,lwfpzfgb4ebsvy6ivvxz,//images.igdb.com/igdb/image/upload/t_thumb/lwfpzfgb4ebsvy6ivvxz.jpg,563
3714,,,456f9fdb-0ca3-6d5b-e820-493c33fd9eb7,2048,su1qkxhnakunupzjavuo,//images.igdb.com/igdb/image/upload/t_thumb/su1qkxhnakunupzjavuo.jpg,2048
3723,,,eef1857a-7ba7-5289-f6a6-0cabfcb64b40,2048,azft3xpltutyi32pwmk9,//images.igdb.com/igdb/image/upload/t_thumb/azft3xpltutyi32pwmk9.jpg,2048
3734,,,a982c8c8-9048-6575-6dce-487fe32eac2e,880,b68qq0elbafszriggniu,//images.igdb.com/igdb/image/upload/t_thumb/b68qq0elbafszriggniu.jpg,914
3736,,,dc2101a5-f999-05eb-367e-8340a0c68b0c,1213,kj3woteuyciro8pfd6is,//images.igdb.com/igdb/image/upload/t_thumb/kj3woteuyciro8pfd6is.jpg,305
3737,,,0245f6c0-ee47-ef8e-8d24-4982f8ecaef7,984,ipmuygyimhth47ggw5ew,//images.igdb.com/igdb/image/upload/t_thumb/ipmuygyimhth47ggw5ew.jpg,386
3739,,,b8899ac6-fb1f-76dd-c707-54459cc74bcc,1853,dyqmm5fpjjhuxttb4qxg,//images.igdb.com/igdb/image/upload/t_thumb/dyqmm5fpjjhuxttb4qxg.jpg,586
3748,,,61903a7c-3a4f-39b0-572a-a052a4867036,1000,slsyznxtlv6upfuw4rhf,//images.igdb.com/igdb/image/upload/t_thumb/slsyznxtlv6upfuw4rhf.jpg,1000
3754,,,47fc4868-1cf8-1e69-9a0b-a18d0acbd0bc,1070,g33rtnyeoeaprsdf6l9p,//images.igdb.com/igdb/image/upload/t_thumb/g33rtnyeoeaprsdf6l9p.jpg,419
3761,,,90fd25e0-feec-a965-bf49-1d9044eb6fc2,1071,utnsmywxm5alnaclp2qy,//images.igdb.com/igdb/image/upload/t_thumb/utnsmywxm5alnaclp2qy.jpg,523
3766,,,24f4571e-7ea7-6b4d-02a7-2b03bff6564c,1343,fj2hhehsorjpk4naoa9h,//images.igdb.com/igdb/image/upload/t_thumb/fj2hhehsorjpk4naoa9h.jpg,309
3768,,,10ebfab5-cbf8-7d03-d20f-f4b5fbd144b2,444,ilqbigrpm338gkpft3g8,//images.igdb.com/igdb/image/upload/t_thumb/ilqbigrpm338gkpft3g8.jpg,316
3772,,,809bc714-2a29-85a5-bf94-d3f5e6f61946,245,ttw7ocki33zjbhvngwrb,//images.igdb.com/igdb/image/upload/t_thumb/ttw7ocki33zjbhvngwrb.jpg,170
3773,,,6c07153c-eb79-788f-9ca8-d62eb5f86686,735,fyzmpjypxxjhdjx2lg0y,//images.igdb.com/igdb/image/upload/t_thumb/fyzmpjypxxjhdjx2lg0y.jpg,570
3789,,,f081d929-e96b-5642-4264-56254d2b08af,1320,ovz7tzpje8vkfy8x8etz,//images.igdb.com/igdb/image/upload/t_thumb/ovz7tzpje8vkfy8x8etz.jpg,1028
3795,,,4c5da0da-14aa-5e4c-3aed-a4737470d675,2466,whfpjdwfuljzon38zedw,//images.igdb.com/igdb/image/upload/t_thumb/whfpjdwfuljzon38zedw.jpg,1472
3798,,,c31b6e99-4c5b-fa60-eaa1-40b8b570b4b6,478,fraoguup0pbqd66oaz9y,//images.igdb.com/igdb/image/upload/t_thumb/fraoguup0pbqd66oaz9y.jpg,464
3801,,,3375fc75-d617-1ec8-cef6-863b107a99da,939,r3anmyzr10356fpswnae,//images.igdb.com/igdb/image/upload/t_thumb/r3anmyzr10356fpswnae.jpg,689
3813,,,bed3a30b-8539-f857-ffc0-913786c081a3,1000,b2f4qo7yzuzr1ly0swci,//images.igdb.com/igdb/image/upload/t_thumb/b2f4qo7yzuzr1ly0swci.jpg,737
3829,,,f8964afd-6069-8a9a-5876-a008782b2121,623,rdsw8favltmitkugzjei,//images.igdb.com/igdb/image/upload/t_thumb/rdsw8favltmitkugzjei.jpg,454
3851,,,2534c178-230d-6164-7835-4db06ffdf4c5,599,tdfgjxuzv06nzdd99h6l,//images.igdb.com/igdb/image/upload/t_thumb/tdfgjxuzv06nzdd99h6l.jpg,499
3853,,,2b9be862-bfde-7145-947a-6d544d3a23cb,2752,schmyng8eidq5uzv3zgm,//images.igdb.com/igdb/image/upload/t_thumb/schmyng8eidq5uzv3zgm.jpg,1920
3848,,,7c96e9eb-6050-45d6-b072-0fffe859edc3,900,jxhb4ho4ub1clky8oewt,//images.igdb.com/igdb/image/upload/t_thumb/jxhb4ho4ub1clky8oewt.jpg,1600
3865,False,False,cbd002b5-3a59-93f8-5ff4-6a89f99cd653,667,cm2zd,//images.igdb.com/igdb/image/upload/t_thumb/cm2zd.jpg,500
3866,False,False,81f85edc-cb72-93b4-e925-7e5dcf343eac,667,cm2ze,//images.igdb.com/igdb/image/upload/t_thumb/cm2ze.jpg,500
3868,False,False,82103991-dfe6-6167-1428-f81b498bc693,667,cm2zg,//images.igdb.com/igdb/image/upload/t_thumb/cm2zg.jpg,500
3879,False,False,e8b3461c-ef2e-c604-cb1c-51e9507781e2,667,cm2zr,//images.igdb.com/igdb/image/upload/t_thumb/cm2zr.jpg,500
3881,False,False,95d5acb5-cbcb-d2d1-f750-a89079607eaa,467,cm2zt,//images.igdb.com/igdb/image/upload/t_thumb/cm2zt.jpg,350
97,,,54cad339-c35f-44cb-00e8-0acf6be16f3e,225,rbmklnaglspgzrpobouj,//images.igdb.com/igdb/image/upload/t_thumb/rbmklnaglspgzrpobouj.jpg,225
3882,False,False,2dce9474-54eb-918f-58d8-45b27c6973f6,667,cm2zu,//images.igdb.com/igdb/image/upload/t_thumb/cm2zu.jpg,500
3884,False,False,daf5559f-e7f5-33dd-d089-3850dc9a5d22,667,cm2zw,//images.igdb.com/igdb/image/upload/t_thumb/cm2zw.jpg,500
3876,False,False,0edfeeb4-b48e-504c-27e4-8340b0654fe2,667,cm2zo,//images.igdb.com/igdb/image/upload/t_thumb/cm2zo.jpg,500
3505,,,c3a2d377-09b4-14ad-af67-f78f0fcd06d8,1038,guk59nohg7tajrq2trfa,//images.igdb.com/igdb/image/upload/t_thumb/guk59nohg7tajrq2trfa.jpg,797
3506,,,e69d544b-48c1-a5e8-4a44-a528567516ca,483,bnzwhwclosyep4ligivs,//images.igdb.com/igdb/image/upload/t_thumb/bnzwhwclosyep4ligivs.jpg,206
3755,,,a3f1866e-b28c-b922-dbae-d389d0b1657d,455,dyoafbqr9bsrk1xwia8g,//images.igdb.com/igdb/image/upload/t_thumb/dyoafbqr9bsrk1xwia8g.jpg,310
3573,,,10c49de3-2f8c-001e-6f0c-d3ab5286180e,512,zjahviuapmcgykixqfx4,//images.igdb.com/igdb/image/upload/t_thumb/zjahviuapmcgykixqfx4.jpg,396
3779,,,72c21221-c080-bee5-7319-ed1c77012498,572,ihvy4bxpwqzpyegwot33,//images.igdb.com/igdb/image/upload/t_thumb/ihvy4bxpwqzpyegwot33.jpg,658
3784,,,30378f63-4821-2d51-d982-0c39b821ee32,3077,jzcmqmydrujjtbu9hhkl,//images.igdb.com/igdb/image/upload/t_thumb/jzcmqmydrujjtbu9hhkl.jpg,2338
3936,True,False,66de7ef3-084c-6fdc-8c2f-db5f6689a362,1322,cm31c,//images.igdb.com/igdb/image/upload/t_thumb/cm31c.jpg,828
3901,False,False,4d7beb81-daa5-14a3-5a26-48683d7ce398,1102,cm30d,//images.igdb.com/igdb/image/upload/t_thumb/cm30d.jpg,728
3565,,,396fe7f3-8c29-db7e-17c0-fff4e8e289d3,1137,ppsdxrm1od8ygu3lbc04,//images.igdb.com/igdb/image/upload/t_thumb/ppsdxrm1od8ygu3lbc04.jpg,736
3571,,,c3dfc83f-7972-902b-f460-4f0d234cb118,800,djlzckltftuvyitm4rh9,//images.igdb.com/igdb/image/upload/t_thumb/djlzckltftuvyitm4rh9.jpg,703
3579,,,ef7dfdfd-3672-85c7-7bb8-54faca40d2df,1080,pzgpcoysscetnrpzpvzv,//images.igdb.com/igdb/image/upload/t_thumb/pzgpcoysscetnrpzpvzv.jpg,1920
3580,,,c93ef514-2224-6a84-544e-1a36d8abab19,3784,iurhmhenrrsdnsc4zbva,//images.igdb.com/igdb/image/upload/t_thumb/iurhmhenrrsdnsc4zbva.jpg,1840
3585,,,f1dcd24f-39a1-1bbb-e404-cff9846bb3f2,1079,akuvxppa3aee1oowiv2i,//images.igdb.com/igdb/image/upload/t_thumb/akuvxppa3aee1oowiv2i.jpg,1920
3592,,,8658895e-0b22-95b7-7bff-c662c3fd63c8,692,xcvcwx2gta8z7mf5omzd,//images.igdb.com/igdb/image/upload/t_thumb/xcvcwx2gta8z7mf5omzd.jpg,539
3597,,,b3b141a7-5c29-f492-9d4f-48d86a90efff,940,upmwwwafo7tcxblo812n,//images.igdb.com/igdb/image/upload/t_thumb/upmwwwafo7tcxblo812n.jpg,940
3599,,,f15df133-2d33-28f8-b6b0-67e6f054b9e8,1974,dq5som46pzaoshyosm3w,//images.igdb.com/igdb/image/upload/t_thumb/dq5som46pzaoshyosm3w.jpg,1679
3605,,,c98eb983-2e6d-4d70-aade-14bdc8a05af2,512,en28vjjd38jfrgvhh4fr,//images.igdb.com/igdb/image/upload/t_thumb/en28vjjd38jfrgvhh4fr.jpg,512
3606,,,4532571d-4bb7-f74b-fb79-9462d4c22792,592,t3vxw8ejpefesnxtfy4r,//images.igdb.com/igdb/image/upload/t_thumb/t3vxw8ejpefesnxtfy4r.jpg,591
3614,,,5dc1b9a8-c6fb-780a-3db0-b5a9e535139c,362,o4pqqt1fg1keie9y7eeb,//images.igdb.com/igdb/image/upload/t_thumb/o4pqqt1fg1keie9y7eeb.jpg,362
3617,,,76ed062b-46ea-4e6e-6dbf-7229bf0229f3,383,xsgvyqwvjeygjoxyqpvk,//images.igdb.com/igdb/image/upload/t_thumb/xsgvyqwvjeygjoxyqpvk.jpg,255
3626,,,fc497216-2d87-e47e-40d8-da9b5b682cf3,344,zeitk4tyfmsglcpidgrp,//images.igdb.com/igdb/image/upload/t_thumb/zeitk4tyfmsglcpidgrp.jpg,276
3637,,,2d09fac4-acb7-78cf-b896-730d07a5ac27,507,jtsxpqmz6ur45e9k0o7f,//images.igdb.com/igdb/image/upload/t_thumb/jtsxpqmz6ur45e9k0o7f.jpg,375
3640,,,39b24be0-6298-66e2-954d-0eb56f869eec,410,ke7tzsyjw1rz30qd5lcw,//images.igdb.com/igdb/image/upload/t_thumb/ke7tzsyjw1rz30qd5lcw.jpg,280
3662,,,b1c3fec9-e880-0571-4279-6ad3cdbfd00d,898,jfxeb0huq3xkjd4o6szy,//images.igdb.com/igdb/image/upload/t_thumb/jfxeb0huq3xkjd4o6szy.jpg,667
3663,,,20129430-c646-b28d-83b2-70dc0a8f77af,590,b7kojiibmnghotmsqagy,//images.igdb.com/igdb/image/upload/t_thumb/b7kojiibmnghotmsqagy.jpg,396
3664,,,e103f0c1-e431-9085-0d97-35e4c80d9979,568,v7zndpjf2wctztcq89rk,//images.igdb.com/igdb/image/upload/t_thumb/v7zndpjf2wctztcq89rk.jpg,412
3668,,,e057247e-fa31-cfd3-0033-15ad7a0d4d84,720,dsbrsuenrznfagxclu8d,//images.igdb.com/igdb/image/upload/t_thumb/dsbrsuenrznfagxclu8d.jpg,532
3669,,,3ea393c6-b710-78f8-1671-7fc2ef9f9c81,484,lld45pnwzqo5aud8wi05,//images.igdb.com/igdb/image/upload/t_thumb/lld45pnwzqo5aud8wi05.jpg,363
3673,,,1e0e3fcc-86f1-767f-769d-f37f060e74c8,499,slofi6p1xlo4b98mafzp,//images.igdb.com/igdb/image/upload/t_thumb/slofi6p1xlo4b98mafzp.jpg,367
3677,,,3de29663-89d8-e916-8edd-4aaa0ef39b8c,501,ahiuhqbidxzxq0madnqn,//images.igdb.com/igdb/image/upload/t_thumb/ahiuhqbidxzxq0madnqn.jpg,356
3680,,,492703ec-82e6-2e81-380c-4fa77cdbfa63,672,gf2chedsxwvesooly6ql,//images.igdb.com/igdb/image/upload/t_thumb/gf2chedsxwvesooly6ql.jpg,543
3688,,,51b60de1-1df4-4b96-1a7a-dfbffe36d366,1517,fh019zzfsipweelyytxn,//images.igdb.com/igdb/image/upload/t_thumb/fh019zzfsipweelyytxn.jpg,1074
3696,,,08ae03e9-58df-ec7c-7272-9a67b3731598,458,mbbpmgjc8mboyoe2pcbg,//images.igdb.com/igdb/image/upload/t_thumb/mbbpmgjc8mboyoe2pcbg.jpg,307
3710,,,61cc69a4-bd07-3a78-a506-d9a844430537,512,fkwznomzaewzyqoxpajm,//images.igdb.com/igdb/image/upload/t_thumb/fkwznomzaewzyqoxpajm.jpg,256
3711,,,774abcf6-69cd-ec90-145c-643e52656d26,512,w5xslp9lkg5jdt1n3s6t,//images.igdb.com/igdb/image/upload/t_thumb/w5xslp9lkg5jdt1n3s6t.jpg,256
3712,,,f43cb6d3-6fda-fc7f-7cd5-9eb2faf3d9f4,2048,xptcnyfwvna6aqgtibtl,//images.igdb.com/igdb/image/upload/t_thumb/xptcnyfwvna6aqgtibtl.jpg,2048
3719,,,74e348b0-ee1a-5cc1-810c-871c7c86a490,2048,epzvnyf6spe9bpts6d0f,//images.igdb.com/igdb/image/upload/t_thumb/epzvnyf6spe9bpts6d0f.jpg,2048
3724,,,04088981-9899-2110-866f-45b931f3ed70,2048,r5qnhf36wpzuzohhctol,//images.igdb.com/igdb/image/upload/t_thumb/r5qnhf36wpzuzohhctol.jpg,1275
3730,,,0b10c0bd-f7c0-679c-56c3-a64ac6dcc44c,432,rxbpekawd0wxs0zmmdgd,//images.igdb.com/igdb/image/upload/t_thumb/rxbpekawd0wxs0zmmdgd.jpg,464
3732,,,1a6e52f2-7591-4212-55c1-3bd0b1aff9bd,4334,mq0tkxyfixtqzpccdd3s,//images.igdb.com/igdb/image/upload/t_thumb/mq0tkxyfixtqzpccdd3s.jpg,1637
3727,,,053f8ebd-c9cf-c886-0447-f087f9aa2c4a,4125,ww0xihqlnaswvss7adwu,//images.igdb.com/igdb/image/upload/t_thumb/ww0xihqlnaswvss7adwu.jpg,2167
3745,,,7bea654b-5b77-2c41-78c3-689c5279afd0,1400,f3nwchzm4juzmsvq5dli,//images.igdb.com/igdb/image/upload/t_thumb/f3nwchzm4juzmsvq5dli.jpg,1000
3747,,,e493660c-9284-c850-8bde-d28987c4b87f,920,pz6zpeu6zrqfkezbsacj,//images.igdb.com/igdb/image/upload/t_thumb/pz6zpeu6zrqfkezbsacj.jpg,850
3758,,,97f95d48-55b8-c95c-dae9-afb53f0d6e31,1048,ysotmcmuusyqi6u4xhnm,//images.igdb.com/igdb/image/upload/t_thumb/ysotmcmuusyqi6u4xhnm.jpg,465
3759,,,6f59b258-47e9-3b07-e592-6937c724436d,978,mds3odgd72u5x3vgnkdu,//images.igdb.com/igdb/image/upload/t_thumb/mds3odgd72u5x3vgnkdu.jpg,325
3767,,,63f830fa-b54f-5c8b-c269-5812bcaa8e9b,470,ixy4q3ee8zdlm8esqakx,//images.igdb.com/igdb/image/upload/t_thumb/ixy4q3ee8zdlm8esqakx.jpg,250
3814,,,4d943c68-a1bf-365d-4bfe-d1992af084a1,360,ippdompxri33ngffvvgz,//images.igdb.com/igdb/image/upload/t_thumb/ippdompxri33ngffvvgz.jpg,640
3849,,,b11331a7-a168-dc5f-5890-142a34fae4b2,1076,xtpfl3rt0arq9hvqjsuu,//images.igdb.com/igdb/image/upload/t_thumb/xtpfl3rt0arq9hvqjsuu.jpg,1919
3854,,,fedf6033-854d-3532-11e4-f381356fe6ce,1349,p4xw2k9qlomv3hjtxjxr,//images.igdb.com/igdb/image/upload/t_thumb/p4xw2k9qlomv3hjtxjxr.jpg,912
95,,,3a8c715d-56bb-67e8-42d2-a52129b130e0,632,efsw9rz07qxevhbcn6va,//images.igdb.com/igdb/image/upload/t_thumb/efsw9rz07qxevhbcn6va.jpg,518
3495,,,b8769cc1-3b37-cad5-4641-83b699f08f99,3200,ev0ut51mlwxedk1xndde,//images.igdb.com/igdb/image/upload/t_thumb/ev0ut51mlwxedk1xndde.jpg,2400
3533,,,2812e64e-6b3e-5ae6-eaa0-1ba0d9b7d14e,237,lrfwj5pb95ldinlak1qg,//images.igdb.com/igdb/image/upload/t_thumb/lrfwj5pb95ldinlak1qg.jpg,237
3523,,,b833f14c-ec58-79b0-8d49-2bb0446875e1,480,p4cpr8ca6qtvijqnoith,//images.igdb.com/igdb/image/upload/t_thumb/p4cpr8ca6qtvijqnoith.jpg,371
3527,,,ed1fdceb-2f8e-4c49-7942-276f86fcc62c,480,fbvv70ovh6adycg846uh,//images.igdb.com/igdb/image/upload/t_thumb/fbvv70ovh6adycg846uh.jpg,370
3938,True,False,ee33a1c0-8894-1862-4a2e-3123ab0c2192,700,cm31e,//images.igdb.com/igdb/image/upload/t_thumb/cm31e.jpg,350
3902,True,False,f1731d4f-e405-c38b-4d37-1c17dbb280f6,1255,cm30e,//images.igdb.com/igdb/image/upload/t_thumb/cm30e.jpg,860
3903,True,False,25dc3f6f-5c57-3064-d2b6-1f9dd95a4d07,486,cm30f,//images.igdb.com/igdb/image/upload/t_thumb/cm30f.jpg,340
3937,True,False,72f512b2-b2cc-8c41-d75b-3a2053ea3fd4,423,cm31d,//images.igdb.com/igdb/image/upload/t_thumb/cm31d.jpg,340
3638,,,6ecffa68-0708-997c-1ab6-a11d2cbe54b8,421,tem6bidjqmoizkqpstp5,//images.igdb.com/igdb/image/upload/t_thumb/tem6bidjqmoizkqpstp5.jpg,297
3535,,,f284aa6e-fb68-32c5-2bf7-5028f52185f4,744,r3yxzb3sbji7u3skdpwp,//images.igdb.com/igdb/image/upload/t_thumb/r3yxzb3sbji7u3skdpwp.jpg,888
3539,,,6587abf8-e802-6a2f-5ae0-5a5b36e7f3df,667,sjybasoxfreqwazakm0g,//images.igdb.com/igdb/image/upload/t_thumb/sjybasoxfreqwazakm0g.jpg,620
3541,,,1133f13a-7794-0165-adf4-a972bd8887c2,400,iilgnpeh0uc0hsakichx,//images.igdb.com/igdb/image/upload/t_thumb/iilgnpeh0uc0hsakichx.jpg,412
3551,,,6e25853e-5332-875f-9bd9-50372beec279,381,olhwmg0cjwt0vdewbpx0,//images.igdb.com/igdb/image/upload/t_thumb/olhwmg0cjwt0vdewbpx0.jpg,300
3558,,,d034e30c-7c33-a0c4-193b-0a4adfff8036,369,xnm3vo4pn2g4oqpup1l3,//images.igdb.com/igdb/image/upload/t_thumb/xnm3vo4pn2g4oqpup1l3.jpg,284
3561,,,5095da17-2263-6f78-eb3d-59842afc7d18,282,xj2ufc5suv5phtecqhtc,//images.igdb.com/igdb/image/upload/t_thumb/xj2ufc5suv5phtecqhtc.jpg,163
3563,,,f8170850-c4f1-ba87-892f-8c3fda6a9231,900,jler3mb6yjfotv9vlesw,//images.igdb.com/igdb/image/upload/t_thumb/jler3mb6yjfotv9vlesw.jpg,700
3582,,,aea9c061-8960-d9a6-b6ba-0cbd6c5bc95f,1080,sdlsyim6uhfjlpg7ioyj,//images.igdb.com/igdb/image/upload/t_thumb/sdlsyim6uhfjlpg7ioyj.jpg,1920
3588,,,7170e4e9-7359-ce4d-03a7-911c518b90c7,320,fkndfcq9pqzrwkearxtl,//images.igdb.com/igdb/image/upload/t_thumb/fkndfcq9pqzrwkearxtl.jpg,320
3593,,,647454bf-1659-062b-1405-00d6901f8904,337,ryryfawqojb4iawknemo,//images.igdb.com/igdb/image/upload/t_thumb/ryryfawqojb4iawknemo.jpg,223
3598,,,4a7d4e4f-11ed-133c-f2b0-f41f8cf92eeb,3000,seygscyvcrjtqbtotfyo,//images.igdb.com/igdb/image/upload/t_thumb/seygscyvcrjtqbtotfyo.jpg,1969
3607,,,3614cafb-cf9c-1e9b-854b-de7b52c03d69,342,z02ovhgcpyk8shvlq7be,//images.igdb.com/igdb/image/upload/t_thumb/z02ovhgcpyk8shvlq7be.jpg,341
3608,,,ec21c0af-c053-450c-06c4-e507c0751ebd,368,fgftu2u09wqllaxgbxum,//images.igdb.com/igdb/image/upload/t_thumb/fgftu2u09wqllaxgbxum.jpg,368
3619,,,8f8d0c2e-eabb-e72f-18b9-908c4cd74191,387,ae5unhbpw18auejmxxxo,//images.igdb.com/igdb/image/upload/t_thumb/ae5unhbpw18auejmxxxo.jpg,264
3620,,,f3806082-8105-cd5f-3038-2d28dadba79c,809,gcfonqqir7kwd4bq9yld,//images.igdb.com/igdb/image/upload/t_thumb/gcfonqqir7kwd4bq9yld.jpg,625
3623,,,d228c44b-a413-9bfb-f437-1eccfd6e29dc,1198,kexsgj7nxyi9wobuli1b,//images.igdb.com/igdb/image/upload/t_thumb/kexsgj7nxyi9wobuli1b.jpg,912
3634,,,dc4c1e66-a579-70fb-6710-f3361d10e7d5,486,eur3nfimk280attdbtdq,//images.igdb.com/igdb/image/upload/t_thumb/eur3nfimk280attdbtdq.jpg,380
3643,,,18cc6731-9a81-a673-b7be-a54c048463fc,576,gfwotrz6zxkgzcbsapoq,//images.igdb.com/igdb/image/upload/t_thumb/gfwotrz6zxkgzcbsapoq.jpg,448
3659,,,239a361a-6d12-2b0d-7dbe-b2ffc669b2ef,501,e7n12bingpdjsogfc7jv,//images.igdb.com/igdb/image/upload/t_thumb/e7n12bingpdjsogfc7jv.jpg,345
3667,,,7c453f80-e708-78e2-15e8-bb45d777329d,535,vyxrduhowjzyiyfif1om,//images.igdb.com/igdb/image/upload/t_thumb/vyxrduhowjzyiyfif1om.jpg,374
3670,,,e072c66d-5066-ef22-c234-eeaf1c72cd14,899,q2mtqr2uc0fcmtxi4eiw,//images.igdb.com/igdb/image/upload/t_thumb/q2mtqr2uc0fcmtxi4eiw.jpg,695
3674,,,74be790b-d8d2-a14a-b160-8647ea6a59a8,554,suj0p0qocqevtqrilk4s,//images.igdb.com/igdb/image/upload/t_thumb/suj0p0qocqevtqrilk4s.jpg,412
3697,,,26302190-194a-4352-1f3d-e7304b69a5da,478,oov97fzzwmtuf8zrvzn6,//images.igdb.com/igdb/image/upload/t_thumb/oov97fzzwmtuf8zrvzn6.jpg,438
3703,,,d4e1f715-f51e-5184-3dc3-7ff274ea6d70,720,yyyayqonntent6hyjpe1,//images.igdb.com/igdb/image/upload/t_thumb/yyyayqonntent6hyjpe1.jpg,484
3706,,,8ac9f29e-6cdd-526b-980d-f17b1cb7218d,1280,y52bnmip6yfux4tmwmzj,//images.igdb.com/igdb/image/upload/t_thumb/y52bnmip6yfux4tmwmzj.jpg,1280
3707,,,de373945-1348-31c8-859b-505d575c7e0a,768,bpkvnnhagli7mpbxtxro,//images.igdb.com/igdb/image/upload/t_thumb/bpkvnnhagli7mpbxtxro.jpg,768
3715,,,d665492c-0001-904c-97a0-e14b9f30f0f0,2048,qusczzehe4khgznjcpkr,//images.igdb.com/igdb/image/upload/t_thumb/qusczzehe4khgznjcpkr.jpg,2048
3722,,,400f11c8-95ee-dd37-ae1f-7b1603bc71b6,2048,mcofq0vy7ufaigo5mloi,//images.igdb.com/igdb/image/upload/t_thumb/mcofq0vy7ufaigo5mloi.jpg,2048
3729,,,4f4ddebc-fc17-73d3-cc1e-3d18bc267614,883,ega635uytwrbjblohmye,//images.igdb.com/igdb/image/upload/t_thumb/ega635uytwrbjblohmye.jpg,607
3731,,,544fba56-5d6b-9322-1c5d-3b19ce10002d,916,bivzucpwmca19x8azwiw,//images.igdb.com/igdb/image/upload/t_thumb/bivzucpwmca19x8azwiw.jpg,638
3741,,,839ec8f6-4dfd-6f37-0039-c68def28942c,1100,bievjzkgyoigstcxfeni,//images.igdb.com/igdb/image/upload/t_thumb/bievjzkgyoigstcxfeni.jpg,800
3769,,,d2df3aab-7468-a0fb-5298-c0dcaf76a125,465,nljtysljky3sag5s5g44,//images.igdb.com/igdb/image/upload/t_thumb/nljtysljky3sag5s5g44.jpg,287
3770,,,1bb324ee-2ff6-9669-28f0-feec47226eb7,449,evd5usxhpjngl4rfsd7q,//images.igdb.com/igdb/image/upload/t_thumb/evd5usxhpjngl4rfsd7q.jpg,287
3785,,,3d0079f4-4514-305d-530a-329abbed1127,1232,fio8hpsmok5bexodhyvk,//images.igdb.com/igdb/image/upload/t_thumb/fio8hpsmok5bexodhyvk.jpg,500
3786,,,f6e1db04-3cce-9f90-c6a8-9347b93cc0e0,890,y0jnbr8u4ksxrf5wyfrd,//images.igdb.com/igdb/image/upload/t_thumb/y0jnbr8u4ksxrf5wyfrd.jpg,411
3788,,,68d85ee7-e1d2-fed6-67d8-c2d4820f4326,1800,feihvnvvtaqrctkrsaj3,//images.igdb.com/igdb/image/upload/t_thumb/feihvnvvtaqrctkrsaj3.jpg,952
3799,,,7fc730fd-5277-9d7d-b1cc-e5b10058224a,1637,snz8ebe6rr0zoozgrh1j,//images.igdb.com/igdb/image/upload/t_thumb/snz8ebe6rr0zoozgrh1j.jpg,617
3803,,,58514076-f0e5-15fe-92ba-de37b2652087,3284,d46guatd6tcpud1k3vno,//images.igdb.com/igdb/image/upload/t_thumb/d46guatd6tcpud1k3vno.jpg,2094
3804,,,94340871-4b98-3463-b3df-67d64fedd924,813,jjhav64uhunjtkcqqmhh,//images.igdb.com/igdb/image/upload/t_thumb/jjhav64uhunjtkcqqmhh.jpg,680
3834,,,123f8b75-ccac-5eab-af97-22c355f5fae5,1035,nvlthded6tp5weqs43ef,//images.igdb.com/igdb/image/upload/t_thumb/nvlthded6tp5weqs43ef.jpg,730
3827,,,e884597d-dad2-2807-a15d-1c8c5d58bf18,1035,mmpm7cqfrww6vzwfj96k,//images.igdb.com/igdb/image/upload/t_thumb/mmpm7cqfrww6vzwfj96k.jpg,730
3842,,,57543936-3813-227b-bebf-b4f073e23cd7,550,prnqmxc3v0racivehw6l,//images.igdb.com/igdb/image/upload/t_thumb/prnqmxc3v0racivehw6l.jpg,650
3847,,,5c4b1bc2-efb7-da2d-c55e-ffba6030c7d2,470,llib3noe8jayjjqaopf3,//images.igdb.com/igdb/image/upload/t_thumb/llib3noe8jayjjqaopf3.jpg,443
3861,False,False,7c5e0879-74f2-1a48-c1dd-1e36404ddf6e,703,cm2z9,//images.igdb.com/igdb/image/upload/t_thumb/cm2z9.jpg,623
3872,False,False,4a7bed77-a862-c5dd-b18f-bef31744c1ac,667,cm2zk,//images.igdb.com/igdb/image/upload/t_thumb/cm2zk.jpg,500
3873,True,False,2a1d5f63-c0bd-3473-9298-06d074e9cbb9,514,cm2zl,//images.igdb.com/igdb/image/upload/t_thumb/cm2zl.jpg,306
3877,False,False,004bb8da-60e7-8b8d-73b5-593c27358e1c,667,cm2zp,//images.igdb.com/igdb/image/upload/t_thumb/cm2zp.jpg,500
3496,,,5ea451e7-6238-a41f-b850-214c6f14793f,800,fodoulqje7xjnmcnb4ty,//images.igdb.com/igdb/image/upload/t_thumb/fodoulqje7xjnmcnb4ty.jpg,600
3878,False,False,5a592e34-4ece-85a9-2310-7e1d20cd9178,667,cm2zq,//images.igdb.com/igdb/image/upload/t_thumb/cm2zq.jpg,500
3887,True,False,97d0febc-c8c5-f7f7-a606-9c87976faae9,1270,cm2zz,//images.igdb.com/igdb/image/upload/t_thumb/cm2zz.jpg,1100
3497,,,6a04251c-d37d-ec75-25e7-4c2058f164fa,3200,usxtvpvyyh9xohq2s995,//images.igdb.com/igdb/image/upload/t_thumb/usxtvpvyyh9xohq2s995.jpg,2400
3504,,,854eb007-ac48-d2ca-c747-a40c41feb948,1091,tyhliy33sys0onfmzfar,//images.igdb.com/igdb/image/upload/t_thumb/tyhliy33sys0onfmzfar.jpg,732
3521,,,200b4f6f-7211-dcdb-22c3-c16d259ce86d,1417,qw4zhgltn9frxpkpsma7,//images.igdb.com/igdb/image/upload/t_thumb/qw4zhgltn9frxpkpsma7.jpg,1119
3889,False,False,ff6b1d9c-c882-4e14-5063-fbf611938cea,960,cm301,//images.igdb.com/igdb/image/upload/t_thumb/cm301.jpg,717
3513,,,3bf120a8-48c7-edfa-0f2e-a1a143037e73,502,tf6gpgg3pzllbbyns7my,//images.igdb.com/igdb/image/upload/t_thumb/tf6gpgg3pzllbbyns7my.jpg,500
3894,True,False,87061473-94e6-0271-576e-76bb3f644315,479,cm306,//images.igdb.com/igdb/image/upload/t_thumb/cm306.jpg,285
3717,,,54c16ab6-cc20-c59c-ab95-5f3fd11dd220,2048,d9ads4a7fmpzdluvbsfz,//images.igdb.com/igdb/image/upload/t_thumb/d9ads4a7fmpzdluvbsfz.jpg,2048
3969,False,False,c06b8d19-1666-845d-d806-be86e914d905,800,cm329,//images.igdb.com/igdb/image/upload/t_thumb/cm329.jpg,800
3970,False,False,a3ceb0a7-c059-300a-4237-f9aba6e991d4,500,cm32a,//images.igdb.com/igdb/image/upload/t_thumb/cm32a.jpg,355
3971,False,False,2ba8926e-b119-53b4-f15f-0cc7e24947b4,815,cm32b,//images.igdb.com/igdb/image/upload/t_thumb/cm32b.jpg,723
4002,False,False,3f96e907-58fa-7332-f905-215485efef58,900,cm336,//images.igdb.com/igdb/image/upload/t_thumb/cm336.jpg,800
4003,False,False,0b279288-dc69-dda7-5770-5f64ab4181eb,700,cm337,//images.igdb.com/igdb/image/upload/t_thumb/cm337.jpg,560
4004,False,False,ed5b7677-f8b2-bbd5-865d-252dcd9d8ff2,900,cm338,//images.igdb.com/igdb/image/upload/t_thumb/cm338.jpg,800
4005,False,False,3e715c85-cd43-46b0-6343-3929a477da8f,900,cm339,//images.igdb.com/igdb/image/upload/t_thumb/cm339.jpg,800
4006,False,False,6fb3dc66-6788-827b-499e-263f60ee4353,481,cm33a,//images.igdb.com/igdb/image/upload/t_thumb/cm33a.jpg,340
4007,False,False,589081f7-d5a6-30f3-df73-2e1b73fa8e4f,450,cm33b,//images.igdb.com/igdb/image/upload/t_thumb/cm33b.jpg,360
4008,False,False,d02f362c-4f0c-1109-1fbd-baf248dc46f9,640,cm33c,//images.igdb.com/igdb/image/upload/t_thumb/cm33c.jpg,460
4009,False,False,c928401d-eeca-0ab6-6f97-76b73a64ff26,900,cm33d,//images.igdb.com/igdb/image/upload/t_thumb/cm33d.jpg,800
4010,False,False,8e7ec6c6-9984-4b81-39a1-86e32a3bcdd4,1400,cm33e,//images.igdb.com/igdb/image/upload/t_thumb/cm33e.jpg,800
4011,False,False,0d5b4d5f-5e71-6d67-8c54-11ff224b0dc6,1300,cm33f,//images.igdb.com/igdb/image/upload/t_thumb/cm33f.jpg,1260
4012,True,False,1290e9bc-57d4-5ae0-2da3-be44371834b5,640,cm33g,//images.igdb.com/igdb/image/upload/t_thumb/cm33g.jpg,288
4013,False,False,7712e04d-a208-60d8-fc81-d57c8974e62c,900,cm33h,//images.igdb.com/igdb/image/upload/t_thumb/cm33h.jpg,800
4014,False,False,1613b509-93d2-51b8-9566-de10228cf5eb,1450,cm33i,//images.igdb.com/igdb/image/upload/t_thumb/cm33i.jpg,800
4015,False,False,f1782d3c-11a5-1523-0210-cf81895ca8eb,1400,cm33j,//images.igdb.com/igdb/image/upload/t_thumb/cm33j.jpg,900
4016,False,False,8bc6634b-bb2c-96fb-7854-6aa01958e39c,900,cm33k,//images.igdb.com/igdb/image/upload/t_thumb/cm33k.jpg,800
4018,False,False,92c7c30b-6039-7c7b-7420-00d5bd649e1d,503,cm33m,//images.igdb.com/igdb/image/upload/t_thumb/cm33m.jpg,452
4019,False,False,d9cc242e-c4b7-cb02-36d5-713f6f108dcd,530,cm33n,//images.igdb.com/igdb/image/upload/t_thumb/cm33n.jpg,678
4033,True,False,fcff121e-d5e5-0f1c-cec3-e375e4600003,322,cm341,//images.igdb.com/igdb/image/upload/t_thumb/cm341.jpg,350
4020,True,False,d5d051de-387e-09d3-1ee1-779d1483ee58,291,cm33o,//images.igdb.com/igdb/image/upload/t_thumb/cm33o.jpg,350
4021,True,False,2779a414-82f9-56bb-9301-c4a980a35fd4,325,cm33p,//images.igdb.com/igdb/image/upload/t_thumb/cm33p.jpg,350
4022,True,False,96ea62e8-3078-cf07-c905-b9a0dd53df3e,332,cm33q,//images.igdb.com/igdb/image/upload/t_thumb/cm33q.jpg,350
4025,False,False,7544b311-6635-be2e-05b1-c9283faf3306,809,cm33t,//images.igdb.com/igdb/image/upload/t_thumb/cm33t.jpg,834
4026,True,False,395a7614-b0fb-370f-e68e-e9ac77a80324,314,cm33u,//images.igdb.com/igdb/image/upload/t_thumb/cm33u.jpg,350
4024,True,False,9b132656-51ba-96a9-5509-9dc433d9e9a6,320,cm33s,//images.igdb.com/igdb/image/upload/t_thumb/cm33s.jpg,350
4029,False,False,2ea2c126-429f-7491-66fc-51d39c590f56,583,cm33x,//images.igdb.com/igdb/image/upload/t_thumb/cm33x.jpg,616
4027,False,False,7f42c371-36cc-a3b2-fad3-689698e54dce,285,cm33v,//images.igdb.com/igdb/image/upload/t_thumb/cm33v.jpg,163
4023,True,False,eb0ca45c-80dc-4de4-fb9a-e7979b2bc123,276,cm33r,//images.igdb.com/igdb/image/upload/t_thumb/cm33r.jpg,350
4028,True,False,3f3d332f-154b-089e-067c-79326acd0db9,326,cm33w,//images.igdb.com/igdb/image/upload/t_thumb/cm33w.jpg,350
4030,True,False,88920f75-0d9d-d77b-7639-22c251ecff48,282,cm33y,//images.igdb.com/igdb/image/upload/t_thumb/cm33y.jpg,350
4031,True,False,e3eda92a-0860-fe93-148e-25bc95926c51,365,cm33z,//images.igdb.com/igdb/image/upload/t_thumb/cm33z.jpg,350
4032,True,False,49704e6f-fa88-9181-9389-e1c6be634b99,326,cm340,//images.igdb.com/igdb/image/upload/t_thumb/cm340.jpg,350
4034,False,False,91911094-188b-c6d3-545d-3f7cedcb26e2,285,cm342,//images.igdb.com/igdb/image/upload/t_thumb/cm342.jpg,163
4035,True,False,435b44b6-1a85-9ba4-e6e5-5442f1ab697b,304,cm343,//images.igdb.com/igdb/image/upload/t_thumb/cm343.jpg,350
4036,False,False,c39caea9-1db3-22aa-008f-bba5d950627c,956,cm344,//images.igdb.com/igdb/image/upload/t_thumb/cm344.jpg,681
4037,False,False,2f688bca-b507-a1a0-a6ba-725f46a2c448,1080,cm345,//images.igdb.com/igdb/image/upload/t_thumb/cm345.jpg,1440
4038,False,False,a81436e8-8b64-7e07-83d2-2f1c9cdd9330,1080,cm346,//images.igdb.com/igdb/image/upload/t_thumb/cm346.jpg,1440
4039,False,False,ccad189e-885e-8cae-7710-e0eb2b8f0108,432,cm347,//images.igdb.com/igdb/image/upload/t_thumb/cm347.jpg,512
4040,True,False,3d07423a-1a74-1909-19c4-c1135b85651e,1275,cm348,//images.igdb.com/igdb/image/upload/t_thumb/cm348.jpg,964
4041,False,False,721c1134-a2f4-7206-66ee-1f20b9175202,988,cm349,//images.igdb.com/igdb/image/upload/t_thumb/cm349.jpg,652
4042,True,False,87988931-4889-3b66-6331-52e6d20833b0,1738,cm34a,//images.igdb.com/igdb/image/upload/t_thumb/cm34a.jpg,838
4043,True,False,b971de84-5b59-4564-8a2c-474248be5b1c,1584,cm34b,//images.igdb.com/igdb/image/upload/t_thumb/cm34b.jpg,838
4044,True,False,cf8dd61f-c476-6440-1804-2c3f1c03b9e0,1738,cm34c,//images.igdb.com/igdb/image/upload/t_thumb/cm34c.jpg,838
4045,True,False,b3156bcd-9195-c542-f7a5-e06486264de5,1734,cm34d,//images.igdb.com/igdb/image/upload/t_thumb/cm34d.jpg,838
4046,True,False,c4976806-9360-290c-09df-68c78a6d5d26,2054,cm34e,//images.igdb.com/igdb/image/upload/t_thumb/cm34e.jpg,1528
4047,True,False,ea79cd9b-883f-3e00-1987-ea45c6602a42,512,cm34f,//images.igdb.com/igdb/image/upload/t_thumb/cm34f.jpg,256
4068,False,False,4167ca6d-e756-ad11-985c-5da01adb2006,582,cm350,//images.igdb.com/igdb/image/upload/t_thumb/cm350.jpg,374
4070,True,False,ebadf68c-6b39-4a1b-fc67-4c3cd1805212,185,cm352,//images.igdb.com/igdb/image/upload/t_thumb/cm352.jpg,139
4101,True,False,c35c4ab0-cc32-045c-80aa-32bd345a7fa2,248,cm35x,//images.igdb.com/igdb/image/upload/t_thumb/cm35x.jpg,214
4102,True,False,22605755-12de-122d-cf0d-68e33ef9a911,2839,cm35y,//images.igdb.com/igdb/image/upload/t_thumb/cm35y.jpg,1308
4103,True,False,aaea51ea-0df4-3e18-9d82-b8efb9841c53,4780,cm35z,//images.igdb.com/igdb/image/upload/t_thumb/cm35z.jpg,1980
4104,False,False,8c013a86-a1a7-447f-d86c-e92a85a44a42,352,cm360,//images.igdb.com/igdb/image/upload/t_thumb/cm360.jpg,264
4105,False,False,9cc11e5e-1872-ba44-1e2c-839a99c36847,352,cm361,//images.igdb.com/igdb/image/upload/t_thumb/cm361.jpg,264
4106,False,False,1c7102a9-f76a-1b93-1364-9d6da96a2a22,352,cm362,//images.igdb.com/igdb/image/upload/t_thumb/cm362.jpg,264
4107,False,False,79e13166-0d42-8e01-58ab-1137b9a592f9,352,cm363,//images.igdb.com/igdb/image/upload/t_thumb/cm363.jpg,264
4108,False,False,9fdcb53b-3341-a415-1de6-a7624c002cdf,352,cm364,//images.igdb.com/igdb/image/upload/t_thumb/cm364.jpg,264
4110,False,False,95fc0742-a590-164a-033c-39693eea61c5,352,cm366,//images.igdb.com/igdb/image/upload/t_thumb/cm366.jpg,264
4111,False,False,169bb5a7-d404-ae31-409c-e2afb55dfa79,352,cm367,//images.igdb.com/igdb/image/upload/t_thumb/cm367.jpg,264
4112,False,False,6eea78a3-25f6-4326-c06e-1c88da833eb0,352,cm368,//images.igdb.com/igdb/image/upload/t_thumb/cm368.jpg,264
4113,False,False,cd26934e-16fa-1ca4-d67f-459f526ba4ee,352,cm369,//images.igdb.com/igdb/image/upload/t_thumb/cm369.jpg,264
4114,False,False,81bee565-103b-24ea-3753-476bb0111e9f,352,cm36a,//images.igdb.com/igdb/image/upload/t_thumb/cm36a.jpg,264
4138,True,False,024498b1-1a2d-ad40-a9d0-cc3fb55caeeb,347,cm36y,//images.igdb.com/igdb/image/upload/t_thumb/cm36y.jpg,287
4116,False,False,68d747a0-444b-9146-e5a9-3a47941dc7cc,352,cm36c,//images.igdb.com/igdb/image/upload/t_thumb/cm36c.jpg,264
4117,False,False,83afcbd1-4486-740e-d83b-e61e3d79ada5,352,cm36d,//images.igdb.com/igdb/image/upload/t_thumb/cm36d.jpg,264
4118,False,False,3d78b9cf-bb96-5add-c9de-d5aeedc4efb8,352,cm36e,//images.igdb.com/igdb/image/upload/t_thumb/cm36e.jpg,264
4119,False,False,0b03bc6e-e68c-640c-1c0b-64969081b929,612,cm36f,https://images.igdb.com/igdb/image/upload/t_thumb/cm36f.jpg,612
4120,True,False,1a1e9c9c-715d-eefe-b54d-a7f0f16f2150,1000,cm36g,https://images.igdb.com/igdb/image/upload/t_thumb/cm36g.jpg,1000
4134,False,False,87d7a027-67be-413e-1d5e-558e6f7a6172,900,cm36u,//images.igdb.com/igdb/image/upload/t_thumb/cm36u.jpg,643
4135,False,False,b5e83a80-556f-94b4-3274-65bfe931a60f,977,cm36v,//images.igdb.com/igdb/image/upload/t_thumb/cm36v.jpg,781
4136,False,False,d4dde03c-4f0b-52a6-5335-2d28779c17dd,150,cm36w,//images.igdb.com/igdb/image/upload/t_thumb/cm36w.jpg,150
4137,True,False,bec6a4a6-bace-d5e3-0811-206e9c04f2a7,498,cm36x,//images.igdb.com/igdb/image/upload/t_thumb/cm36x.jpg,394
4139,True,False,9f3ccdbc-e45c-f4fb-1f6e-674f1fc6a43b,1089,cm36z,//images.igdb.com/igdb/image/upload/t_thumb/cm36z.jpg,800
4140,False,False,e2fecb9c-2272-85aa-2a52-8efff33a4e04,359,cm370,//images.igdb.com/igdb/image/upload/t_thumb/cm370.jpg,264
